;//JR東日本　２０５系　中間付随車,,,
;------ボディ------,,,
CreateMeshBuilder,,;//後面,,
AddVertex,-1.4,1,-19.5,
AddVertex,-1.4,3.35,-19.5,
AddVertex,-1.37,1,-19.5,
AddVertex,-1.37,3.4,-19.5,
AddVertex,-1.3,1,-19.5,
AddVertex,-1.3,3.5,-19.5,
AddVertex,-0.9,1,-19.5,
AddVertex,-0.9,3.605,-19.5,
AddVertex,0,1,-19.5,
AddVertex,0,3.675,-19.5,
AddVertex,0.9,1,-19.5,
AddVertex,0.9,3.605,-19.5,
AddVertex,1.3,1,-19.5,
AddVertex,1.3,3.5,-19.5,
AddVertex,1.37,1,-19.5,
AddVertex,1.37,3.4,-19.5,
AddVertex,1.4,1,-19.5,
AddVertex,1.4,3.35,-19.5,
AddFace2,0,2,3,1
AddFace2,2,4,5,3
AddFace2,4,6,7,5
AddFace2,6,8,9,7
AddFace2,8,10,11,9
AddFace2,10,12,13,11
AddFace2,12,14,15,13
AddFace2,14,16,17,15
SetDecalTransparentColor,0,0,0,
,,,,
LoadTexture,rear.bmp,,,
SetTextureCoordinates,0,0,0.998,
SetTextureCoordinates,1,0.0107,0.162,
SetTextureCoordinates,2,0.0107,0.996,
SetTextureCoordinates,3,0.0107,0.146,
SetTextureCoordinates,4,0.0357,0.996,
SetTextureCoordinates,5,0.0357,0.111,
SetTextureCoordinates,6,0.1785,0.997,
SetTextureCoordinates,7,0.1785,0.075,
SetTextureCoordinates,8,0.5,0.997,
SetTextureCoordinates,9,0.5,0.05,
SetTextureCoordinates,10,0.8215,0.998,
SetTextureCoordinates,11,0.8215,0.075,
SetTextureCoordinates,12,0.9643,0.998,
SetTextureCoordinates,13,0.9643,0.113,
SetTextureCoordinates,14,0.9893,0.998,
SetTextureCoordinates,15,0.9893,0.148,
SetTextureCoordinates,16,1,0.998,
SetTextureCoordinates,17,0.9893,0.164,
,
,
CreateMeshBuilder,,;//後面,,
AddVertex,-1.4,1,-19.495,
AddVertex,-1.4,3.35,-19.495,
AddVertex,-1.37,1,-19.495,
AddVertex,-1.37,3.4,-19.495,
AddVertex,-1.3,1,-19.495,
AddVertex,-1.3,3.5,-19.495,
AddVertex,-0.9,1,-19.495,
AddVertex,-0.9,3.605,-19.495,
AddVertex,0,1,-19.495,
AddVertex,0,3.675,-19.495,
AddVertex,0.9,1,-19.495,
AddVertex,0.9,3.605,-19.495,
AddVertex,1.3,1,-19.495,
AddVertex,1.3,3.5,-19.495,
AddVertex,1.37,1,-19.495,
AddVertex,1.37,3.4,-19.495,
AddVertex,1.4,1,-19.495,
AddVertex,1.4,3.35,-19.495,
AddFace2,0,2,3,1
AddFace2,2,4,5,3
AddFace2,4,6,7,5
AddFace2,6,8,9,7
AddFace2,8,10,11,9
AddFace2,10,12,13,11
AddFace2,12,14,15,13
AddFace2,14,16,17,15
SetDecalTransparentColor,0,0,0,
,,,,
LoadTexture,rear int.bmp,rear int.bmp,,
SetTextureCoordinates,0,0,0.998,
SetTextureCoordinates,1,0.0107,0.162,
SetTextureCoordinates,2,0.0107,0.996,
SetTextureCoordinates,3,0.0107,0.146,
SetTextureCoordinates,4,0.0357,0.996,
SetTextureCoordinates,5,0.0357,0.111,
SetTextureCoordinates,6,0.1785,0.997,
SetTextureCoordinates,7,0.1785,0.075,
SetTextureCoordinates,8,0.5,0.997,
SetTextureCoordinates,9,0.5,0.05,
SetTextureCoordinates,10,0.8215,0.998,
SetTextureCoordinates,11,0.8215,0.075,
SetTextureCoordinates,12,0.9643,0.998,
SetTextureCoordinates,13,0.9643,0.113,
SetTextureCoordinates,14,0.9893,0.998,
SetTextureCoordinates,15,0.9893,0.148,
SetTextureCoordinates,16,1,0.998,
SetTextureCoordinates,17,0.9893,0.164,
SetEmissiveColor,255,255,255

CreateMeshBuilder,,;//後面,,
AddVertex,-1.4,1,0,
AddVertex,-1.4,3.35,0,
AddVertex,-1.37,1,0,
AddVertex,-1.37,3.4,0,
AddVertex,-1.3,1,0,
AddVertex,-1.3,3.5,0,
AddVertex,-0.9,1,0,
AddVertex,-0.9,3.605,0,
AddVertex,0,1,0,
AddVertex,0,3.675,0,
AddVertex,0.9,1,0,
AddVertex,0.9,3.605,0,
AddVertex,1.3,1,0,
AddVertex,1.3,3.5,0,
AddVertex,1.37,1,0,
AddVertex,1.37,3.4,0,
AddVertex,1.4,1,0,
AddVertex,1.4,3.35,0,
AddFace2,0,2,3,1
AddFace2,2,4,5,3
AddFace2,4,6,7,5
AddFace2,6,8,9,7
AddFace2,8,10,11,9
AddFace2,10,12,13,11
AddFace2,12,14,15,13
AddFace2,14,16,17,15
SetDecalTransparentColor,0,0,0,
,,,,
LoadTexture,rear.bmp,,,
SetTextureCoordinates,0,0,0.998,
SetTextureCoordinates,1,0.0107,0.162,
SetTextureCoordinates,2,0.0107,0.996,
SetTextureCoordinates,3,0.0107,0.146,
SetTextureCoordinates,4,0.0357,0.996,
SetTextureCoordinates,5,0.0357,0.111,
SetTextureCoordinates,6,0.1785,0.997,
SetTextureCoordinates,7,0.1785,0.075,
SetTextureCoordinates,8,0.5,0.997,
SetTextureCoordinates,9,0.5,0.05,
SetTextureCoordinates,10,0.8215,0.998,
SetTextureCoordinates,11,0.8215,0.075,
SetTextureCoordinates,12,0.9643,0.998,
SetTextureCoordinates,13,0.9643,0.113,
SetTextureCoordinates,14,0.9893,0.998,
SetTextureCoordinates,15,0.9893,0.148,
SetTextureCoordinates,16,1,0.998,
SetTextureCoordinates,17,0.9893,0.164,
,
,
CreateMeshBuilder,,;//後面,,
AddVertex,-1.4,1,0,
AddVertex,-1.4,3.35,0,
AddVertex,-1.37,1,0,
AddVertex,-1.37,3.4,0,
AddVertex,-1.3,1,0,
AddVertex,-1.3,3.5,0,
AddVertex,-0.9,1,0,
AddVertex,-0.9,3.605,0,
AddVertex,0,1,0,
AddVertex,0,3.675,0,
AddVertex,0.9,1,0,
AddVertex,0.9,3.605,0,
AddVertex,1.3,1,0,
AddVertex,1.3,3.5,0,
AddVertex,1.37,1,0,
AddVertex,1.37,3.4,0,
AddVertex,1.4,1,0,
AddVertex,1.4,3.35,0,
AddFace2,0,2,3,1
AddFace2,2,4,5,3
AddFace2,4,6,7,5
AddFace2,6,8,9,7
AddFace2,8,10,11,9
AddFace2,10,12,13,11
AddFace2,12,14,15,13
AddFace2,14,16,17,15
Translate,0,0,-0.005
SetDecalTransparentColor,0,0,0,
,,,,
LoadTexture,rear int.bmp,rear int.bmp,,
SetTextureCoordinates,0,0,0.998,
SetTextureCoordinates,1,0.0107,0.162,
SetTextureCoordinates,2,0.0107,0.996,
SetTextureCoordinates,3,0.0107,0.146,
SetTextureCoordinates,4,0.0357,0.996,
SetTextureCoordinates,5,0.0357,0.111,
SetTextureCoordinates,6,0.1785,0.997,
SetTextureCoordinates,7,0.1785,0.075,
SetTextureCoordinates,8,0.5,0.997,
SetTextureCoordinates,9,0.5,0.05,
SetTextureCoordinates,10,0.8215,0.998,
SetTextureCoordinates,11,0.8215,0.075,
SetTextureCoordinates,12,0.9643,0.998,
SetTextureCoordinates,13,0.9643,0.113,
SetTextureCoordinates,14,0.9893,0.998,
SetTextureCoordinates,15,0.9893,0.148,
SetTextureCoordinates,16,1,0.998,
SetTextureCoordinates,17,0.9893,0.164,
SetEmissiveColor,255,255,255

CreateMeshBuilder,,;//連結幌,
AddVertex     ,-0.38,3.2,0.3
AddVertex     ,-0.38,3.2,0,
AddVertex     ,0.38,3.2,0,
AddVertex     ,0.38,3.2,0.3,
AddVertex     ,0.45,3.13,0,
AddVertex     ,0.45,3.13,0.3,
AddVertex     ,0.45,1.19,0,
AddVertex     ,0.45,1.19,0.3,
AddVertex     ,0.38,1.12,0,
AddVertex     ,0.38,1.12,0.3,
AddVertex     ,-0.45,3.13,0.3,
AddVertex     ,-0.45,3.13,0,
AddVertex     ,-0.45,1.19,0,
AddVertex     ,-0.45,1.19,0.3,
AddVertex     ,-0.38,1.12,0,
AddVertex     ,-0.38,1.12,0.3,
AddFace2,0,1,2,3
AddFace2,4,2,3,5
AddFace2,6,4,5,7
AddFace2,8,6,7,9
AddFace2,1,11,10,0
AddFace2,11,12,13,10
AddFace2,12,14,15,13
AddFace2,8,14,15,9
GenerateNormals,,,,

LoadTexture,horo.bmp,,,
SetTextureCoordinates,0,1,0,
SetTextureCoordinates,1,0,1,
SetTextureCoordinates,2,0,1,
SetTextureCoordinates,3,1,0,
SetTextureCoordinates,4,0,1,
SetTextureCoordinates,5,1,0,
SetTextureCoordinates,6,0,5
SetTextureCoordinates,7,1,0
SetTextureCoordinates,8,0,1
SetTextureCoordinates,9,1,0
SetTextureCoordinates,10,1,0
SetTextureCoordinates,11,0,1
SetTextureCoordinates,12,0,5
SetTextureCoordinates,13,1,0
SetTextureCoordinates,14,0,1
SetTextureCoordinates,15,1,0

CreateMeshBuilder,,;//連結幌,
AddVertex     ,-0.38,3.2,-19.8
AddVertex     ,-0.38,3.2,-19.5,
AddVertex     ,0.38,3.2,-19.5,
AddVertex     ,0.38,3.2,-19.8,
AddVertex     ,0.45,3.13,-19.5,
AddVertex     ,0.45,3.13,-19.8,
AddVertex     ,0.45,1.19,-19.5,
AddVertex     ,0.45,1.19,-19.8,
AddVertex     ,0.38,1.12,-19.5,
AddVertex     ,0.38,1.12,-19.8,
AddVertex     ,-0.45,3.13,-19.8,
AddVertex     ,-0.45,3.13,-19.5,
AddVertex     ,-0.45,1.19,-19.5,
AddVertex     ,-0.45,1.19,-19.8,
AddVertex     ,-0.38,1.12,-19.5,
AddVertex     ,-0.38,1.12,-19.8,
AddFace2,0,1,2,3
AddFace2,4,2,3,5
AddFace2,6,4,5,7
AddFace2,8,6,7,9
AddFace2,1,11,10,0
AddFace2,11,12,13,10
AddFace2,12,14,15,13
AddFace2,8,14,15,9
GenerateNormals,,,,

LoadTexture,horo.bmp,,,
SetTextureCoordinates,0,1,0,
SetTextureCoordinates,1,0,1,
SetTextureCoordinates,2,0,1,
SetTextureCoordinates,3,1,0,
SetTextureCoordinates,4,0,1,
SetTextureCoordinates,5,1,0,
SetTextureCoordinates,6,0,5
SetTextureCoordinates,7,1,0
SetTextureCoordinates,8,0,1
SetTextureCoordinates,9,1,0
SetTextureCoordinates,10,1,0
SetTextureCoordinates,11,0,1
SetTextureCoordinates,12,0,5
SetTextureCoordinates,13,1,0
SetTextureCoordinates,14,0,1
SetTextureCoordinates,15,1,0

CreateMeshBuilder,,;//左側面,,
AddVertex,1.4,1,-19.5,
AddVertex,1.4,3.35,-19.5,
AddVertex,1.4,3.35,0,
AddVertex,1.4,1,0,
AddFace,0,1,2,3
GenerateNormals,

LoadTexture,side2.bmp
SetTextureCoordinates,0,0.001,1,
SetTextureCoordinates,1,0.001,0,
SetTextureCoordinates,2,1,0,
SetTextureCoordinates,3,1,1,
SetDecalTransparentColor,0,255,0,

CreateMeshBuilder,,;//右側面,,
AddVertex,1.37,1,-19.5,
AddVertex,1.37,3.35,-19.5,
AddVertex,1.37,3.35,0,
AddVertex,1.37,1,0,
AddFace,3,2,1,0
GenerateNormals,

LoadTexture,side int2.bmp,side int2.bmp
SetTextureCoordinates,0,0.001,1,
SetTextureCoordinates,1,0.001,0,
SetTextureCoordinates,2,1,0,
SetTextureCoordinates,3,1,1,
SetDecalTransparentColor,255,255,255,
SetEmissiveColor,255,255,255

CreateMeshBuilder,,;//左側面方向幕,,
AddVertex,1.405,3.04,-1.075,
AddVertex,1.405,3.27,-1.075,
AddVertex,1.405,3.27,-0.365,
AddVertex,1.405,3.04,-0.365,
AddFace,0,1,2,3,
GenerateNormals

LoadTexture,ikisaki.bmp,
SetTextureCoordinates,0,0,1,
SetTextureCoordinates,1,0,0,
SetTextureCoordinates,2,1,0,
SetTextureCoordinates,3,1,1,
SetDecalTransparentColor,0,255,0
SetEmissiveColor,255,255,255

CreateMeshBuilder,,;//左側面転落防止幌,,
AddVertex,1.41,1.2,-19.47,
AddVertex,1.41,2.4,-19.47,
AddVertex,1.41,2.4,-19.7,
AddVertex,1.41,1.2,-19.7,
AddVertex,1.41,1.2,-0.03,
AddVertex,1.41,2.4,-0.03,
AddVertex,1.41,2.4,0.2,
AddVertex,1.41,1.2,0.2,
AddFace2,0,1,2,3
AddFace2,4,5,6,7
GenerateNormals

LoadTexture,horo2.bmp,,
SetTextureCoordinates,0,0.03,1
SetTextureCoordinates,1,0.03,0
SetTextureCoordinates,2,0.99,0
SetTextureCoordinates,3,0.99,1
SetTextureCoordinates,4,0.03,1
SetTextureCoordinates,5,0.03,0
SetTextureCoordinates,6,0.99,0
SetTextureCoordinates,7,0.99,1
SetDecalTransparentColor,0,0,0


CreateMeshBuilder,,;//右側面,
AddVertex,-1.4,1,-19.5
AddVertex,-1.4,3.35,-19.5,
AddVertex,-1.4,3.35,0,
AddVertex,-1.4,1,0,
AddFace,0,3,2,1
GenerateNormals,

LoadTexture,side2-2.bmp
SetTextureCoordinates,0,0.001,1,
SetTextureCoordinates,1,0.001,0,
SetTextureCoordinates,2,1,0,
SetTextureCoordinates,3,1,1,
SetDecalTransparentColor,0,255,0,

CreateMeshBuilder,,;//右側面,,
AddVertex,-1.37,1,-19.5,
AddVertex,-1.37,3.35,-19.5,
AddVertex,-1.37,3.35,0,
AddVertex,-1.37,1,0,
AddFace,1,2,3,0
GenerateNormals,

LoadTexture,side int2.bmp,side int2.bmp
SetTextureCoordinates,0,0.001,1,
SetTextureCoordinates,1,0.001,0,
SetTextureCoordinates,2,1,0,
SetTextureCoordinates,3,1,1,
SetDecalTransparentColor,255,255,255,
SetEmissiveColor,255,255,255

CreateMeshBuilder,,;//右側面方向幕,,
AddVertex,-1.405,3.04,-18.44,
AddVertex,-1.405,3.27,-18.44,
AddVertex,-1.405,3.27,-19.15,
AddVertex,-1.405,3.04,-19.15,
AddFace,0,1,2,3,
GenerateNormals,

LoadTexture,ikisaki.bmp,
SetTextureCoordinates,0,0,1,
SetTextureCoordinates,1,0,0,
SetTextureCoordinates,2,1,0,
SetTextureCoordinates,3,1,1,
SetDecalTransparentColor,0,255,0
SetEmissiveColor,255,255,255

CreateMeshBuilder,,;//右側面転落防止幌,,
AddVertex,-1.41,1.2,-19.47,
AddVertex,-1.41,2.4,-19.47,
AddVertex,-1.41,2.4,-19.7,
AddVertex,-1.41,1.2,-19.7,
AddVertex,-1.41,1.2,-0.03,
AddVertex,-1.41,2.4,-0.03,
AddVertex,-1.41,2.4,0.2,
AddVertex,-1.41,1.2,0.2,
AddFace2,0,1,2,3
AddFace2,4,5,6,7
GenerateNormals,,,,

LoadTexture,horo2.bmp,,,
SetTextureCoordinates,0,0.03,1,
SetTextureCoordinates,1,0.03,0,
SetTextureCoordinates,2,0.99,0,
SetTextureCoordinates,3,0.99,1,
SetTextureCoordinates,4,0.03,1,
SetTextureCoordinates,5,0.03,0,
SetTextureCoordinates,6,0.99,0,
SetTextureCoordinates,7,0.99,1,
SetDecalTransparentColor,0,0,0,


CreateMeshBuilder,,;//底面,,
AddVertex,-1.4,1,-19.5,
AddVertex,1.4,1,-19.5,
AddVertex,-1.4,1,0,
AddVertex,1.4,1,0,
AddFace,0,1,3,2
SetColor,0,0,0,
GenerateNormals,,,,

;------屋根------,
CreateMeshBuilder,,;//屋根,,
AddVertex,-1.4,3.35,-19.5,
AddVertex,-1.4,3.35,0,
AddVertex,-1.37,3.4,-19.5,
AddVertex,-1.37,3.4,0,
AddVertex,-1.3,3.5,-19.5,
AddVertex,-1.3,3.5,0,
AddVertex,-0.9,3.605,-19.5,
AddVertex,-0.9,3.605,0,
AddVertex,0,3.675,-19.5,
AddVertex,0,3.675,0,
AddVertex,0.9,3.605,-19.5,
AddVertex,0.9,3.605,0,
AddVertex,1.3,3.5,-19.5,
AddVertex,1.3,3.5,0,
AddVertex,1.37,3.4,-19.5,
AddVertex,1.37,3.4,0,
AddVertex,1.4,3.35,-19.5,
AddVertex,1.4,3.35,0,
AddFace2,0,1,3,2
AddFace2,2,3,5,4
AddFace2,4,5,7,6
AddFace2,6,7,9,8
AddFace2,8,9,11,10
AddFace2,10,11,13,12
AddFace2,12,13,15,14
AddFace2,14,15,17,16
GenerateNormals,
,
LoadTexture,yane.bmp
SetTextureCoordinates,0,0,1,
SetTextureCoordinates,1,0,0,
SetTextureCoordinates,2,0.03,1,
SetTextureCoordinates,3,0.03,0,
SetTextureCoordinates,4,0.2,1,
SetTextureCoordinates,5,0.2,0,
SetTextureCoordinates,6,0.35,1,
SetTextureCoordinates,7,0.35,0,
SetTextureCoordinates,8,0.5,1,
SetTextureCoordinates,9,0.5,0,
SetTextureCoordinates,10,0.65,1,
SetTextureCoordinates,11,0.65,0,
SetTextureCoordinates,12,0.8,1,
SetTextureCoordinates,13,0.8,0,
SetTextureCoordinates,14,0.97,1,
SetTextureCoordinates,15,0.97,0,
SetTextureCoordinates,16,1,1,
SetTextureCoordinates,17,1,0,

;------屋根上機器------,
CreateMeshBuilder,,;//クーラー,,
AddVertex,-0.9,3.6,-11.6,
AddVertex,-0.9,3.6,-8,
AddVertex,-0.9,3.77,-11.6,
AddVertex,-0.9,3.77,-8,
AddVertex,-0.5,3.97,-11.6,
AddVertex,-0.5,3.97,-8,
AddVertex,0,4.02,-11.6,
AddVertex,0,4.02,-8,
AddVertex,0.5,3.97,-11.6,
AddVertex,0.5,3.97,-8,
AddVertex,0.9,3.77,-11.6,
AddVertex,0.9,3.77,-8,
AddVertex,0.9,3.6,-11.6,
AddVertex,0.9,3.6,-8,
AddFace,0,1,3,2
AddFace,2,3,5,4
AddFace,4,5,7,6
AddFace,6,7,9,8
AddFace,8,9,11,10
AddFace,10,11,13,12
GenerateNormals,
,
LoadTexture,cooler.bmp
SetTextureCoordinates,0,1,1,
SetTextureCoordinates,1,0,1,
SetTextureCoordinates,2,1,0.935,
SetTextureCoordinates,3,0,0.935,
SetTextureCoordinates,4,1,0.65,
SetTextureCoordinates,5,0,0.65,
SetTextureCoordinates,6,1,0.5,
SetTextureCoordinates,7,0,0.5,
SetTextureCoordinates,8,1,0.35,
SetTextureCoordinates,9,0,0.35,
SetTextureCoordinates,10,1,0.065,
SetTextureCoordinates,11,0,0.065,
SetTextureCoordinates,12,1,0,
SetTextureCoordinates,13,0,0,
,
,
CreateMeshBuilder,,;//クーラー,,
AddVertex ,-0.9,3.6,-11.6,
AddVertex ,-0.9,3.77,-11.6,
AddVertex ,-0.5,3.97,-11.6,
AddVertex ,0,4.02,-11.6,
AddVertex ,0.5,3.97,-11.6,
AddVertex ,0.9,3.8,-11.6,
AddVertex ,0.9,3.6,-11.6,
AddVertex ,-0.9,3.6,-8,
AddVertex ,-0.9,3.77,-8,
AddVertex ,-0.5,3.97,-8,
AddVertex ,0,4.02,-8,
AddVertex ,0.5,3.97,-8,
AddVertex ,0.9,3.8,-8,
AddVertex ,0.9,3.6,-8,
AddFace2,0,1,2,3,4,5,6
AddFace2,7,8,9,10,11,12,13
SetColor,200,200,200,
GenerateNormals,

CreateMeshBuilder,,;//ランボード,
AddVertex,-1.25,3.57,-12.2
AddVertex,-1.23,3.63,-12.2
AddVertex,-1.25,3.57,-7.4
AddVertex,-1.23,3.63,-7.4
AddVertex,1.25,3.57,-12.2,
AddVertex,1.23,3.63,-12.2,
AddVertex,1.25,3.57,-7.4,
AddVertex,1.23,3.63,-7.4,
AddFace2,2,3,1,0
AddFace2,3,7,5,1
AddFace2,4,5,7,6
AddFace2,0,1,5,4
AddFace2,6,7,3,2
SetColor,120,120,120,
Translate,0,-0.05,0
GenerateNormals

;Penyangga kotak AC

; Kanan

CreateMeshBuilder
AddVertex,-0.1,0.2,0
AddVertex,-0.1,0  ,0,
AddVertex,-0.1,0  ,0.2
AddVertex,-0.1,0.2,0.2
AddVertex,0.0,0.24 ,-0.04
AddVertex,0.0,-0.04,-0.04
AddVertex,0.0,-0.04,0.24
AddVertex,0.0,0.24 ,0.24
AddFace,0,1,2,3
AddFace,4,5,1,0
AddFace,6,7,3,2
AddFace,0,3,7,4
AddFace,5,6,2,1
SetColor,180,180,180
Translate,-0.88,3.5,-11.45

CreateMeshBuilder
AddVertex,-0.1,0.2,0
AddVertex,-0.1,0  ,0,
AddVertex,-0.1,0  ,0.2
AddVertex,-0.1,0.2,0.2
AddVertex,0.0,0.24 ,-0.04
AddVertex,0.0,-0.04,-0.04
AddVertex,0.0,-0.04,0.24
AddVertex,0.0,0.24 ,0.24
AddFace,0,1,2,3
AddFace,4,5,1,0
AddFace,6,7,3,2
AddFace,0,3,7,4
AddFace,5,6,2,1
SetColor,180,180,180
Translate,-0.88,3.5,-10.45

CreateMeshBuilder
AddVertex,-0.1,0.2,0
AddVertex,-0.1,0  ,0,
AddVertex,-0.1,0  ,0.2
AddVertex,-0.1,0.2,0.2
AddVertex,0.0,0.24 ,-0.04
AddVertex,0.0,-0.04,-0.04
AddVertex,0.0,-0.04,0.24
AddVertex,0.0,0.24 ,0.24
AddFace,0,1,2,3
AddFace,4,5,1,0
AddFace,6,7,3,2
AddFace,0,3,7,4
AddFace,5,6,2,1
SetColor,180,180,180
Translate,-0.88,3.5,-9.35

CreateMeshBuilder
AddVertex,-0.1,0.2,0
AddVertex,-0.1,0  ,0,
AddVertex,-0.1,0  ,0.2
AddVertex,-0.1,0.2,0.2
AddVertex,0.0,0.24 ,-0.04
AddVertex,0.0,-0.04,-0.04
AddVertex,0.0,-0.04,0.24
AddVertex,0.0,0.24 ,0.24
AddFace,0,1,2,3
AddFace,4,5,1,0
AddFace,6,7,3,2
AddFace,0,3,7,4
AddFace,5,6,2,1
SetColor,180,180,180
Translate,-0.88,3.5,-8.35

; Kiri

CreateMeshBuilder
AddVertex,0.1,0.2,0
AddVertex,0.1,0  ,0,
AddVertex,0.1,0  ,0.2
AddVertex,0.1,0.2,0.2
AddVertex,0.0,0.24 ,-0.04
AddVertex,0.0,-0.04,-0.04
AddVertex,0.0,-0.04,0.24
AddVertex,0.0,0.24 ,0.24
AddFace,3,2,1,0
AddFace,0,1,5,4
AddFace,2,3,7,6
AddFace,4,7,3,0
AddFace,1,2,6,5
SetColor,180,180,180
Translate,0.88,3.5,-11.45

CreateMeshBuilder
AddVertex,0.1,0.2,0
AddVertex,0.1,0  ,0,
AddVertex,0.1,0  ,0.2
AddVertex,0.1,0.2,0.2
AddVertex,0.0,0.24 ,-0.04
AddVertex,0.0,-0.04,-0.04
AddVertex,0.0,-0.04,0.24
AddVertex,0.0,0.24 ,0.24
AddFace,3,2,1,0
AddFace,0,1,5,4
AddFace,2,3,7,6
AddFace,4,7,3,0
AddFace,1,2,6,5
SetColor,180,180,180
Translate,0.88,3.5,-10.45

CreateMeshBuilder
AddVertex,0.1,0.2,0
AddVertex,0.1,0  ,0,
AddVertex,0.1,0  ,0.2
AddVertex,0.1,0.2,0.2
AddVertex,0.0,0.24 ,-0.04
AddVertex,0.0,-0.04,-0.04
AddVertex,0.0,-0.04,0.24
AddVertex,0.0,0.24 ,0.24
AddFace,3,2,1,0
AddFace,0,1,5,4
AddFace,2,3,7,6
AddFace,4,7,3,0
AddFace,1,2,6,5
SetColor,180,180,180
Translate,0.88,3.5,-9.35

CreateMeshBuilder
AddVertex,0.1,0.2,0
AddVertex,0.1,0  ,0,
AddVertex,0.1,0  ,0.2
AddVertex,0.1,0.2,0.2
AddVertex,0.0,0.24 ,-0.04
AddVertex,0.0,-0.04,-0.04
AddVertex,0.0,-0.04,0.24
AddVertex,0.0,0.24 ,0.24
AddFace,3,2,1,0
AddFace,0,1,5,4
AddFace,2,3,7,6
AddFace,4,7,3,0
AddFace,1,2,6,5
SetColor,180,180,180
Translate,0.88,3.5,-8.35

;------連結器------,,,,
CreateMeshBuilder,,;//後面連結器,,
Cube,0.1,0.1,0.75,
SetColor,35,35,35,
Translate,0,0.9,0,
GenerateNormals,,,,


;------台車(前）------,,,,
CreateMeshBuilder,,;//左台車,,
AddVertex   ,0.95,0.05,-18.57,
AddVertex   ,0.95,1.05,-18.57,
AddVertex   ,0.95,1.05,-14.93,
AddVertex   ,0.95,0.05,-14.93,
AddFace,0,1,2,3
Translate,0,0,0.1
GenerateNormals,

LoadTexture,daisha1.bmp
SetTextureCoordinates,0,0,1,
SetTextureCoordinates,1,0,0,
SetTextureCoordinates,2,1,0,
SetTextureCoordinates,3,1,1,
SetDecalTransparentColor,0,0,0,

CreateMeshBuilder,,;//左台車,,
AddVertex   ,0.8,0.05,-18.57,
AddVertex   ,0.8,1.05,-18.57,
AddVertex   ,0.8,1.05,-14.93,
AddVertex   ,0.8,0.05,-14.93,
AddFace2,0,1,2,3
SetColor,30,30,30,
Translate,0,0,0.1
GenerateNormals,

LoadTexture,daisha1.bmp
SetTextureCoordinates,0,0,1,
SetTextureCoordinates,1,0,0,
SetTextureCoordinates,2,1,0,
SetTextureCoordinates,3,1,1,
SetDecalTransparentColor,0,0,0,

CreateMeshBuilder,,;//左台車,,
AddVertex   ,1.1,0.35,-17.15,
AddVertex   ,1.1,1,-17.15,
AddVertex   ,1.1,1,-16.15,
AddVertex   ,1.1,0.35,-16.15,
AddFace,0,1,2,3
Translate,0,0,0.1
GenerateNormals,

LoadTexture,daisha2.bmp
SetTextureCoordinates,0,0,1,
SetTextureCoordinates,1,0,0,
SetTextureCoordinates,2,1,0,
SetTextureCoordinates,3,1,1,
SetDecalTransparentColor,0,0,0,

CreateMeshBuilder,,;//左台車,,
AddVertex   ,1,0.35,-17.15,
AddVertex   ,1,1,-17.15,
AddVertex   ,1,1,-16.15,
AddVertex   ,1,0.35,-16.15,
AddFace2,0,1,2,3
SetColor,170,170,170,
Translate,0,0,0.1
GenerateNormals,

LoadTexture,daisha2.bmp
SetTextureCoordinates,0,0,1,
SetTextureCoordinates,1,0,0,
SetTextureCoordinates,2,1,0,
SetTextureCoordinates,3,1,1,
SetDecalTransparentColor,0,0,0,

CreateMeshBuilder,,;//右台車,,
AddVertex   ,-0.95,0.05,-18.57,
AddVertex   ,-0.95,1.05,-18.57,
AddVertex   ,-0.95,1.05,-14.93,
AddVertex   ,-0.95,0.05,-14.93,
AddFace,0,3,2,1
Translate,0,0,0.1
GenerateNormals,

LoadTexture,daisha1.bmp
SetTextureCoordinates,0,0,1,
SetTextureCoordinates,1,0,0,
SetTextureCoordinates,2,1,0,
SetTextureCoordinates,3,1,1,
SetDecalTransparentColor,0,0,0,

CreateMeshBuilder,,;//右台車,,
AddVertex   ,-0.8,0.05,-18.57,
AddVertex   ,-0.8,1.05,-18.57,
AddVertex   ,-0.8,1.05,-14.93,
AddVertex   ,-0.8,0.05,-14.93,
AddFace2,0,1,2,3
SetColor,30,30,30,
Translate,0,0,0.1
GenerateNormals,

LoadTexture,daisha1.bmp
SetTextureCoordinates,0,0,1,
SetTextureCoordinates,1,0,0,
SetTextureCoordinates,2,1,0,
SetTextureCoordinates,3,1,1,
SetDecalTransparentColor,0,0,0,

CreateMeshBuilder,,;//右台車,,
AddVertex   ,-1.1,0.35,-17.15,
AddVertex   ,-1.1,1,-17.15,
AddVertex   ,-1.1,1,-16.15,
AddVertex   ,-1.1,0.35,-16.15,
AddFace,0,3,2,1
Translate,0,0,-0.1,
GenerateNormals,

LoadTexture,daisha2.bmp
SetTextureCoordinates,0,1,1,
SetTextureCoordinates,1,1,0,
SetTextureCoordinates,2,0,0,
SetTextureCoordinates,3,0,1,
SetDecalTransparentColor,0,0,0,

CreateMeshBuilder,,;//右台車,,
AddVertex   ,-1,0.35,-17.15,
AddVertex   ,-1,1,-17.15,
AddVertex   ,-1,1,-16.15,
AddVertex   ,-1,0.35,-16.15,
AddFace2,0,1,2,3
Translate,0,0,-0.1,
SetColor,170,170,170,
GenerateNormals,

LoadTexture,daisha2.bmp
SetTextureCoordinates,0,1,1,
SetTextureCoordinates,1,1,0,
SetTextureCoordinates,2,0,0,
SetTextureCoordinates,3,0,1,
SetDecalTransparentColor,0,0,0,


CreateMeshBuilder,,;//左ブレーキ,,
AddVertex,0.6,0.12,-17.33,
AddVertex,0.6,0.62,-17.33,
AddVertex,0.6,0.62,-15.87,
AddVertex,0.6,0.12,-15.87,
AddFace,0,1,2,3
Translate,0,0,-0.05
GenerateNormals,,,,

LoadTexture,brake.bmp,,,
SetTextureCoordinates,0,0,1,
SetTextureCoordinates,1,0,0,
SetTextureCoordinates,2,1,0,
SetTextureCoordinates,3,1,1,
SetDecalTransparentColor,0,0,0,


CreateMeshBuilder,,;//左ブレーキ,,
AddVertex,0.57,0.12,-17.33,
AddVertex,0.57,0.62,-17.33,
AddVertex,0.57,0.62,-15.87,
AddVertex,0.57,0.12,-15.87,
AddFace2,0,1,2,3
SetColor,30,30,30,
Translate,0,0,-0.05
GenerateNormals,,,,

LoadTexture,brake.bmp,,,
SetTextureCoordinates,0,0,1,
SetTextureCoordinates,1,0,0,
SetTextureCoordinates,2,1,0,
SetTextureCoordinates,3,1,1,
SetDecalTransparentColor,0,0,0,


CreateMeshBuilder,,;//右ブレーキ,,
AddVertex,-0.6,0.12,-17.33,
AddVertex,-0.6,0.62,-17.33,
AddVertex,-0.6,0.62,-15.87,
AddVertex,-0.6,0.12,-15.87,
AddFace,0,3,2,1
Translate,0,0,-0.05
GenerateNormals,,,,

LoadTexture,brake.bmp,,,
SetTextureCoordinates,0,0,1,
SetTextureCoordinates,1,0,0,
SetTextureCoordinates,2,1,0,
SetTextureCoordinates,3,1,1,
SetDecalTransparentColor,0,0,0,


CreateMeshBuilder,,;//右ブレーキ,,
AddVertex,-0.57,0.12,-17.33,
AddVertex,-0.57,0.62,-17.33,
AddVertex,-0.57,0.62,-15.87,
AddVertex,-0.57,0.12,-15.87,
AddFace2,0,1,2,3
SetColor,30,30,30,
Translate,0,0,-0.05
GenerateNormals,,,,

LoadTexture,brake.bmp,,,
SetTextureCoordinates,0,0,1,
SetTextureCoordinates,1,0,0,
SetTextureCoordinates,2,1,0,
SetTextureCoordinates,3,1,1,
SetDecalTransparentColor,0,0,0,


CreateMeshBuilder,,;//左側空気バネ,,
Cylinder,6,0.38,0.38,0.15
SetColor,30,30,30,
Translate,0.95,0.92,-16.6,


CreateMeshBuilder,,;//左側空気バネ,,
Cylinder,6,0.21,0.21,0.1
SetColor,60,56,56,
Translate,0.95,0.8,-16.6,


CreateMeshBuilder,,;//右側空気バネ,,
Cylinder,6,0.38,0.38,0.15
SetColor,30,30,30,
Translate,-0.95,0.92,-16.6,


CreateMeshBuilder,,;//右側空気バネ,,
Cylinder,6,0.21,0.21,0.1
SetColor,60,56,56,
Translate,-0.95,0.8,-16.6,


;------台車(後）------,,,,
CreateMeshBuilder,,;//左台車,,
AddVertex   ,0.95,0.05,-18.57,
AddVertex   ,0.95,1.05,-18.57,
AddVertex   ,0.95,1.05,-14.93,
AddVertex   ,0.95,0.05,-14.93,
AddFace,0,1,2,3
Translate ,0,0,13.8,
GenerateNormals,

LoadTexture,daisha1.bmp
SetTextureCoordinates,0,0,1,
SetTextureCoordinates,1,0,0,
SetTextureCoordinates,2,1,0,
SetTextureCoordinates,3,1,1,
SetDecalTransparentColor,0,0,0,

CreateMeshBuilder,,;//左台車,,
AddVertex   ,0.8,0.05,-18.57,
AddVertex   ,0.8,1.05,-18.57,
AddVertex   ,0.8,1.05,-14.93,
AddVertex   ,0.8,0.05,-14.93,
AddFace2,0,1,2,3
SetColor,30,30,30,
Translate ,0,0,13.8,
GenerateNormals,

LoadTexture,daisha1.bmp
SetTextureCoordinates,0,0,1,
SetTextureCoordinates,1,0,0,
SetTextureCoordinates,2,1,0,
SetTextureCoordinates,3,1,1,
SetDecalTransparentColor,0,0,0,

CreateMeshBuilder,,;//左台車,,
AddVertex   ,1.1,0.35,-17.15,
AddVertex   ,1.1,1,-17.15,
AddVertex   ,1.1,1,-16.15,
AddVertex   ,1.1,0.35,-16.15,
AddFace,0,1,2,3
Translate ,0,0,13.8,
GenerateNormals,

LoadTexture,daisha2.bmp
SetTextureCoordinates,0,0,1,
SetTextureCoordinates,1,0,0,
SetTextureCoordinates,2,1,0,
SetTextureCoordinates,3,1,1,
SetDecalTransparentColor,0,0,0,

CreateMeshBuilder,,;//左台車,,
AddVertex   ,1,0.35,-17.15,
AddVertex   ,1,1,-17.15,
AddVertex   ,1,1,-16.15,
AddVertex   ,1,0.35,-16.15,
AddFace2,0,1,2,3
SetColor,170,170,170,
Translate ,0,0,13.8,
GenerateNormals,

LoadTexture,daisha2.bmp
SetTextureCoordinates,0,0,1,
SetTextureCoordinates,1,0,0,
SetTextureCoordinates,2,1,0,
SetTextureCoordinates,3,1,1,
SetDecalTransparentColor,0,0,0,

CreateMeshBuilder,,;//右台車,,
AddVertex   ,-0.95,0.05,-18.57,
AddVertex   ,-0.95,1.05,-18.57,
AddVertex   ,-0.95,1.05,-14.93,
AddVertex   ,-0.95,0.05,-14.93,
AddFace,0,3,2,1
Translate ,0,0,13.8,
GenerateNormals,

LoadTexture,daisha1.bmp
SetTextureCoordinates,0,0,1,
SetTextureCoordinates,1,0,0,
SetTextureCoordinates,2,1,0,
SetTextureCoordinates,3,1,1,
SetDecalTransparentColor,0,0,0,

CreateMeshBuilder,,;//右台車,,
AddVertex   ,-0.8,0.05,-18.57,
AddVertex   ,-0.8,1.05,-18.57,
AddVertex   ,-0.8,1.05,-14.93,
AddVertex   ,-0.8,0.05,-14.93,
AddFace2,0,1,2,3
SetColor,30,30,30,
Translate ,0,0,13.8,
GenerateNormals,

LoadTexture,daisha1.bmp
SetTextureCoordinates,0,0,1,
SetTextureCoordinates,1,0,0,
SetTextureCoordinates,2,1,0,
SetTextureCoordinates,3,1,1,
SetDecalTransparentColor,0,0,0,

CreateMeshBuilder,,;//右台車,,
AddVertex   ,-1.1,0.35,-17.15,
AddVertex   ,-1.1,1,-17.15,
AddVertex   ,-1.1,1,-16.15,
AddVertex   ,-1.1,0.35,-16.15,
AddFace,0,3,2,1
Translate ,0,0,13.7,
GenerateNormals,

LoadTexture,daisha2.bmp
SetTextureCoordinates,0,1,1,
SetTextureCoordinates,1,1,0,
SetTextureCoordinates,2,0,0,
SetTextureCoordinates,3,0,1,
SetDecalTransparentColor,0,0,0,

CreateMeshBuilder,,;//右台車,,
AddVertex   ,-1,0.35,-17.15,
AddVertex   ,-1,1,-17.15,
AddVertex   ,-1,1,-16.15,
AddVertex   ,-1,0.35,-16.15,
AddFace2,0,1,2,3
SetColor,170,170,170,
Translate ,0,0,13.7,
GenerateNormals,

LoadTexture,daisha2.bmp
SetTextureCoordinates,0,1,1,
SetTextureCoordinates,1,1,0,
SetTextureCoordinates,2,0,0,
SetTextureCoordinates,3,0,1,
SetDecalTransparentColor,0,0,0,


CreateMeshBuilder,,;//左ブレーキ,,
AddVertex,0.6,0.12,-3.63,
AddVertex,0.6,0.62,-3.63,
AddVertex,0.6,0.62,-2.17,
AddVertex,0.6,0.12,-2.17,
AddFace,0,1,2,3
Translate,0,0,-0.05
GenerateNormals,,,,

LoadTexture,brake.bmp,,,
SetTextureCoordinates,0,0,1,
SetTextureCoordinates,1,0,0,
SetTextureCoordinates,2,1,0,
SetTextureCoordinates,3,1,1,
SetDecalTransparentColor,0,0,0,


CreateMeshBuilder,,;//左ブレーキ,,
AddVertex,0.57,0.12,-3.63,
AddVertex,0.57,0.62,-3.63,
AddVertex,0.57,0.62,-2.17,
AddVertex,0.57,0.12,-2.17,
AddFace2,0,1,2,3
SetColor,30,30,30,
Translate,0,0,-0.05
GenerateNormals,,,,

LoadTexture,brake.bmp,,,
SetTextureCoordinates,0,0,1,
SetTextureCoordinates,1,0,0,
SetTextureCoordinates,2,1,0,
SetTextureCoordinates,3,1,1,
SetDecalTransparentColor,0,0,0,


CreateMeshBuilder,,;//右ブレーキ,,
AddVertex,-0.6,0.12,-3.63,
AddVertex,-0.6,0.62,-3.63,
AddVertex,-0.6,0.62,-2.17,
AddVertex,-0.6,0.12,-2.17,
AddFace,0,3,2,1
Translate,0,0,-0.05
GenerateNormals,,,,

LoadTexture,brake.bmp,,,
SetTextureCoordinates,0,0,1,
SetTextureCoordinates,1,0,0,
SetTextureCoordinates,2,1,0,
SetTextureCoordinates,3,1,1,
SetDecalTransparentColor,0,0,0,


CreateMeshBuilder,,;//左ブレーキ,,
AddVertex,-0.57,0.12,-3.63,
AddVertex,-0.57,0.62,-3.63,
AddVertex,-0.57,0.62,-2.17,
AddVertex,-0.57,0.12,-2.17,
AddFace2,0,1,2,3
SetColor,30,30,30,
Translate,0,0,-0.05
GenerateNormals,,,,

LoadTexture,brake.bmp,,,
SetTextureCoordinates,0,0,1,
SetTextureCoordinates,1,0,0,
SetTextureCoordinates,2,1,0,
SetTextureCoordinates,3,1,1,
SetDecalTransparentColor,0,0,0,


CreateMeshBuilder,,;//左側空気バネ,,
Cylinder,6,0.38,0.38,0.15
SetColor,30,30,30,
Translate,0.95,0.92,-2.9,


CreateMeshBuilder,,;//左側空気バネ,,
Cylinder,6,0.21,0.21,0.1
SetColor,60,56,56,
Translate,0.95,0.8,-2.9,


CreateMeshBuilder,,;//右側空気バネ,,
Cylinder,6,0.38,0.38,0.15
SetColor,30,30,30,
Translate,-0.95,0.92,-2.9,


CreateMeshBuilder,,;//右側空気バネ,,
Cylinder,6,0.21,0.21,0.1
SetColor,60,56,56,
Translate,-0.95,0.8,-2.9,


;------床下機器------,,,,
CreateMeshBuilder,,;//床下機器,,
AddVertex,1.1,0.25,-14.97,
AddVertex,1.1,1,-14.97,
AddVertex,1.1,1,-4.75,
AddVertex,1.1,0.25,-4.75,
AddVertex,-1.1,0.25,-14.97,
AddVertex,-1.1,1,-14.97,
AddVertex,-1.1,1,-4.75,
AddVertex,-1.1,0.25,-4.75,
AddFace,0,1,2,3
AddFace,4,7,6,5
AddFace,4,5,1,0
AddFace,3,2,6,7
GenerateNormals,,,,

LoadTexture,M2-under.bmp,,
SetTextureCoordinates,0,0.998,0.99
SetTextureCoordinates,1,0.998,0.03
SetTextureCoordinates,2,0.005,0.03
SetTextureCoordinates,3,0.005,0.99
SetTextureCoordinates,4,0.998,0.99
SetTextureCoordinates,5,0.998,0.03
SetTextureCoordinates,6,0.005,0.03
SetTextureCoordinates,7,0.005,0.99


CreateMeshBuilder,,;//床下機器,
Cube,0.75,0.15,0.7
SetColor,22,19,10
Translate,0,0.9,-18.799
GenerateNormals,,,


CreateMeshBuilder,,;//床下機器,
Cube,0.75,0.15,0.7
SetColor,22,19,10
Translate,0,0.9,-0.701
GenerateNormals,,,






CreateMeshBuilder,,;//底面,,
AddVertex    ,-1.4,1,-19.5,
AddVertex    ,-1.4,1,0,
AddVertex    ,1.4,1,0,
AddVertex    ,1.4,1,-19.5,
AddVertex    ,-1.4,1,-19.5,
AddVertex    ,1.4,1,-19.5,
AddFace,0,3,2,1
AddFace,4,5,3,0
SetColor,0,0,0,
GenerateNormals,,,,

;Lantai,,,,
CreateMeshBuilder,,;//底面,,
AddVertex    ,-1.4,1.12,-19.5,
AddVertex    ,-1.4,1.12,0,
AddVertex    ,1.4,1.12,0,
AddVertex    ,1.4,1.12,-19.5,
AddVertex    ,-1.4,1.12,-19.5,
AddVertex    ,1.4,1.12,-19.5,
AddFace,0,1,2,3
AddFace,4,0,3,5
SetColor,172,143,119,

LoadTexture,floor.bmp,floor.bmp
SetTextureCoordinates,0,0,0
SetTextureCoordinates,1,0,1
SetTextureCoordinates,2,1,0
SetTextureCoordinates,3,1,1
SetTextureCoordinates,4,0,0
SetTextureCoordinates,5,1,1
GenerateNormals,,,,

;------Kaca--------;,,,,
CreateMeshBuilder,,,,
AddVertex,1.39,1.9,-10.75,
AddVertex,1.39,3.2,-10.75,
AddVertex,1.39,3.2,-8.75,
AddVertex,1.39,1.9,-8.75,
AddFace2,0,1,2,3
SetColor,80,80,160,90
Translate,0,0,0,

CreateMeshBuilder,,,,
AddVertex,-1.39,1.9,-10.75,
AddVertex,-1.39,3.2,-10.75,
AddVertex,-1.39,3.2,-8.75,
AddVertex,-1.39,1.9,-8.75,
AddFace2,3,2,1,0
SetColor,80,80,160,90
Translate,0,0,0,

CreateMeshBuilder,,,,
AddVertex,1.39,1.9,-10.75,
AddVertex,1.39,3.2,-10.75,
AddVertex,1.39,3.2,-8.7,
AddVertex,1.39,1.9,-8.7,
AddFace2,0,1,2,3
SetColor,80,80,160,90
Translate,0,0,4.8,

CreateMeshBuilder,,,,
AddVertex,-1.39,1.9,-10.75,
AddVertex,-1.39,3.2,-10.75,
AddVertex,-1.39,3.2,-8.7,
AddVertex,-1.39,1.9,-8.7,
AddFace2,3,2,1,0
SetColor,80,80,160,90
Translate,0,0,4.8,

CreateMeshBuilder,,,,
AddVertex,1.39,1.9,-10.75,
AddVertex,1.39,3.2,-10.75,
AddVertex,1.39,3.2,-8.7,
AddVertex,1.39,1.9,-8.7,
AddFace2,0,1,2,3
SetColor,80,80,160,90
Translate,0,0,-4.85,

CreateMeshBuilder,,,,
AddVertex,-1.39,1.9,-10.75,
AddVertex,-1.39,3.2,-10.75,
AddVertex,-1.39,3.2,-8.7,
AddVertex,-1.39,1.9,-8.7,
AddFace2,3,2,1,0
SetColor,80,80,160,90
Translate,0,0,-4.85,

CreateMeshBuilder,,,,
AddVertex,1.39,1.9,-10.6,
AddVertex,1.39,3.0,-10.6,
AddVertex,1.39,3.0,-9.5,
AddVertex,1.39,1.9,-9.5,
AddFace2,0,1,2,3
SetColor,80,80,160,90
Translate,0,0,9.45,

CreateMeshBuilder,,,,
AddVertex,-1.39,1.9,-10.75,
AddVertex,-1.39,3.0,-10.75,
AddVertex,-1.39,3.0,-9.5,
AddVertex,-1.39,1.9,-9.5,
AddFace2,3,2,1,0
SetColor,80,80,160,90
Translate,0,0,9.45,

CreateMeshBuilder,,,,
AddVertex,-1.39,1.9,-10.75,
AddVertex,-1.39,3.0,-10.75,
AddVertex,-1.39,3.0,-9.5,
AddVertex,-1.39,1.9,-9.5,
AddFace2,3,2,1,0
SetColor,80,80,160,90
Translate,0,0,-8.7,

CreateMeshBuilder,,,,
AddVertex,1.39,1.9,-10.75,
AddVertex,1.39,3.0,-10.75,
AddVertex,1.39,3.0,-9.5,
AddVertex,1.39,1.9,-9.5,
AddFace2,0,1,2,3
SetColor,80,80,160,90
Translate,0,0,-8.7,


;Lantai,,,,
CreateMeshBuilder,,;//底面,,
AddVertex    ,-1.4,1.12,-19.5,
AddVertex    ,-1.4,1.12,0,
AddVertex    ,1.4,1.12,0,
AddVertex    ,1.4,1.12,-19.5,
AddVertex    ,-1.4,1.12,-19.5,
AddVertex    ,1.4,1.12,-19.5,
AddFace,0,1,2,3
AddFace,4,0,3,5
SetColor,172,143,119,

LoadTexture,floor.bmp,floor.bmp
SetTextureCoordinates,0,0,0
SetTextureCoordinates,1,0,1
SetTextureCoordinates,2,1,0
SetTextureCoordinates,3,1,1
SetTextureCoordinates,4,0,0
SetTextureCoordinates,5,1,1
GenerateNormals,,,,

;------影------,,,,
CreateMeshBuilder,,;//影,,
AddVertex,-1.4,-0.1,-19.75,
AddVertex,-1.4,-0.1,0.25,
AddVertex,1.4,-0.1,0.25,
AddVertex,1.4,-0.1,-19.75,
AddFace,0,1,2,3
SetColor,0,0,0,150
GenerateNormals,,,,

;//Nomor gerbong - kiri
CreateMeshBuilder,,;//右側面車番,,
AddVertex,-1.41,1.34,-17.89,
AddVertex,-1.41,1.5,-17.89,
AddVertex,-1.41,1.5,-16.94,
AddVertex,-1.41,1.34,-16.94,
AddFace2,0,3,2,1
Translate,0,-0.1,7.68,
GenerateNormals,,,,

LoadTexture,num.bmp,,,
SetTextureCoordinates,0,0.99,0.19,
SetTextureCoordinates,1,0.99,0.105,
SetTextureCoordinates,2,0,0.105,
SetTextureCoordinates,3,0,0.19,

;//Nomor gerbong - kanan
CreateMeshBuilder,,;//左側面車番,,
AddVertex,1.41,1.34,-5.99,
AddVertex,1.41,1.5,-5.99,
AddVertex,1.41,1.5,-5.04,
AddVertex,1.41,1.34,-5.04,
AddFace2,0,1,2,3
Translate,0,-0.1,-4.25
GenerateNormals,,,,

LoadTexture,num.bmp,,,
SetTextureCoordinates,0,0,0.19,
SetTextureCoordinates,1,0,0.105,
SetTextureCoordinates,2,0.99,0.105,
SetTextureCoordinates,3,0.99,0.19,

;---- Urutan gerbong ----

;//Nomor gerbong - kiri
CreateMeshBuilder,,;//右側面車番,,
AddVertex,-1.41,2.8,-8.43,
AddVertex,-1.41,2.96,-8.43,
AddVertex,-1.41,2.96,-8.28,
AddVertex,-1.41,2.8,-8.28,
AddFace2,0,3,2,1
Translate,0,0,-9.55,
GenerateNormals,,,,

LoadTexture,carnum.bmp,,,
SetTextureCoordinates,0,1,0.197,
SetTextureCoordinates,1,1,0.101,
SetTextureCoordinates,2,0,0.101,
SetTextureCoordinates,3,0,0.197,

;//Nomor gerbong - kanan
CreateMeshBuilder,,;//左側面車番,,
AddVertex,1.41,2.8,-4.43,
AddVertex,1.41,2.96,-4.43,
AddVertex,1.41,2.96,-4.28,
AddVertex,1.41,2.8,-4.28,
AddFace2,0,1,2,3
Translate,0,0,-13.55
GenerateNormals,,,,

LoadTexture,carnum.bmp,,,
SetTextureCoordinates,0,0,0.197,
SetTextureCoordinates,1,0,0.101,
SetTextureCoordinates,2,1,0.101,
SetTextureCoordinates,3,1,0.197,

CreateMeshBuilder,,;//atap interior,,
AddVertex,-1.32,3.4,-19.5,
AddVertex,-1.32,3.4,0,
AddVertex,1.32,3.4,0,
AddVertex,1.32,3.4,-19.5,
AddFace2,0,1,2,3
SetColor,255,255,255
GenerateNormals

LoadTexture,ceiling2.bmp,ceiling2.bmp
SetTextureCoordinates,0,0,1
SetTextureCoordinates,1,1,1
SetTextureCoordinates,2,1,0
SetTextureCoordinates,3,0,0

; 3. Nomor gerbong & rangkaian
CreateMeshBuilder,,;//右側面車番,,
AddVertex,-1.19,3.25,-19.493
AddVertex,-1.19,3.35,-19.493
AddVertex,-0.79,3.35,-19.493
AddVertex,-0.79,3.25,-19.493
AddFace2,0,1,2,3
GenerateNormals,

LoadTexture,int_num.bmp,int_num.bmp,,
SetTextureCoordinates,0,1,0.197,
SetTextureCoordinates,1,1,0.101,
SetTextureCoordinates,2,0,0.101,
SetTextureCoordinates,3,0,0.197,

CreateMeshBuilder,,;//右側面車番,,
AddVertex,-1.13,3.03,-19.493
AddVertex,-1.13,3.18,-19.493
AddVertex,-0.98,3.18,-19.493
AddVertex,-0.98,3.03,-19.493
AddFace2,0,1,2,3
GenerateNormals,,,,

LoadTexture,carnum.bmp,carnum.bmp,,
SetTextureCoordinates,0,1,0.195,
SetTextureCoordinates,1,1,0.1,
SetTextureCoordinates,2,0,0.1,
SetTextureCoordinates,3,0,0.195,

;Belakang
CreateMeshBuilder,,;//右側面車番,,
AddVertex,1.19,3.25,-0.007
AddVertex,1.19,3.35,-0.007
AddVertex,0.79,3.35,-0.007
AddVertex,0.79,3.25,-0.007
AddFace2,0,3,2,1
GenerateNormals,

LoadTexture,int_num.bmp,int_num.bmp,,
SetTextureCoordinates,0,0.995,0.197,
SetTextureCoordinates,1,0.995,0.101,
SetTextureCoordinates,2,0,0.101,
SetTextureCoordinates,3,0,0.197,

CreateMeshBuilder,,;//右側面車番,,
AddVertex,-0.55,3.15,-0.007
AddVertex,-0.55,3.25,-0.007
AddVertex,-0.65,3.25,-0.007
AddVertex,-0.65,3.15,-0.007
AddFace2,0,3,2,1
GenerateNormals,,,,

LoadTexture,carnum.bmp,carnum.bmp,,
SetTextureCoordinates,0,1,0.195,
SetTextureCoordinates,1,1,0.1,
SetTextureCoordinates,2,0,0.1,
SetTextureCoordinates,3,0,0.195,

;pegangan,,,,
CreateMeshBuilder,,;//左側面,,
AddVertex,0.7,1.1,-19.5,
AddVertex,0.7,3.45,-19.5,
AddVertex,0.7,3.45,0,
AddVertex,0.7,1.1,0,
AddFace2,3,2,1,0
GenerateNormals,,,,
,,,,
LoadTexture,pegangan.bmp,pegangan.bmp,,
SetTextureCoordinates,0,0.001,1,
SetTextureCoordinates,1,0.001,0.01,
SetTextureCoordinates,2,1,0.01,
SetTextureCoordinates,3,1,1,
SetDecalTransparentColor,0,0,0,
,,,,
CreateMeshBuilder,,;//左側面,,
AddVertex,-0.7,1.1,-19.5,
AddVertex,-0.7,3.45,-19.5,
AddVertex,-0.7,3.45,0,
AddVertex,-0.7,1.1,0,
AddFace2,3,2,1,0
GenerateNormals,,,,
,,,,
LoadTexture,pegangan.bmp,pegangan.bmp,,
SetTextureCoordinates,0,0.001,1,
SetTextureCoordinates,1,0.001,0.01,
SetTextureCoordinates,2,1,0.01,
SetTextureCoordinates,3,1,1,
SetDecalTransparentColor,0,0,0,
,,,,
,,,,
,,,,
CreateMeshBuilder,,,,
addVertex,-1.39,3.2,0,
addVertex,-1.39,3.2,-19.5,
addVertex,1.39,3.2,-19.5,
addVertex,1.39,3.2,0,
addFace2,0,1,2,3
,,,,
LoadTexture,rak.png,rak.png,,
SetTextureCoordinates,0,0,1,
SetTextureCoordinates,1,0,0,
SetTextureCoordinates,2,-1,0,
SetTextureCoordinates,3,-1,1,
SetDecalTransparentColor,0,0,0,

;Pegangan
,;////////////////////////////////////////
,;/tenjoboL
,;////////////////////////////////////////
;/tenjo_cylinder_L_dooron_b0
CreateMeshbuilder
Addvertex,-0.685,3.29,-19.5
Addvertex,-0.715,3.31,-19.5
Addvertex,-0.715,3.31,-17.82
Addvertex,-0.685,3.29,-17.82
AddFace2,0,1,2,3
GenerateNormals
LoadTexture,bluster.bmp,bluster.bmp,,
SetTextureCoordinates,0,1,1,
SetTextureCoordinates,1,1,0,
SetTextureCoordinates,2,0,0,
SetTextureCoordinates,3,0,1
SetDecalTransparentColor,0,0,0,


CreateMeshbuilder
Addvertex,-0.685,3.31,-19.5
Addvertex,-0.715,3.29,-19.5
Addvertex,-0.715,3.29,-17.82
Addvertex,-0.685,3.31,-17.82
AddFace2,0,1,2,3
GenerateNormals
LoadTexture,bluster.bmp,bluster.bmp,,
SetTextureCoordinates,0,1,1,
SetTextureCoordinates,1,1,0,
SetTextureCoordinates,2,0,0,
SetTextureCoordinates,3,0,1
SetDecalTransparentColor,0,0,0,


;/tenjo_cylinder_L_dooron_b1
CreateMeshbuilder
Addvertex,-0.685,3.29,-16.27
Addvertex,-0.715,3.31,-16.27
Addvertex,-0.715,3.31,-12.92
Addvertex,-0.685,3.29,-12.92
AddFace2,0,1,2,3
GenerateNormals
LoadTexture,bluster.bmp,bluster.bmp,,
SetTextureCoordinates,0,1,1,
SetTextureCoordinates,1,1,0,
SetTextureCoordinates,2,0,0,
SetTextureCoordinates,3,0,1
SetDecalTransparentColor,0,0,0,


CreateMeshbuilder
Addvertex,-0.685,3.31,-16.27
Addvertex,-0.715,3.29,-16.27
Addvertex,-0.715,3.29,-12.92
Addvertex,-0.685,3.31,-12.92
AddFace2,0,1,2,3
GenerateNormals
LoadTexture,bluster.bmp,bluster.bmp,,
SetTextureCoordinates,0,1,1,
SetTextureCoordinates,1,1,0,
SetTextureCoordinates,2,0,0,
SetTextureCoordinates,3,0,1
SetDecalTransparentColor,0,0,0,




;/tenjo_cylinder_L_dooron_c0
CreateMeshbuilder
Addvertex,-0.685,3.29,-11.4
Addvertex,-0.715,3.31,-11.4
Addvertex,-0.715,3.31,-8.09
Addvertex,-0.685,3.29,-8.09
AddFace2,0,1,2,3
GenerateNormals
LoadTexture,bluster.bmp,bluster.bmp,,
SetTextureCoordinates,0,1,1,
SetTextureCoordinates,1,1,0,
SetTextureCoordinates,2,0,0,
SetTextureCoordinates,3,0,1
SetDecalTransparentColor,0,0,0,


CreateMeshbuilder
Addvertex,-0.685,3.31,-11.4
Addvertex,-0.715,3.29,-11.4
Addvertex,-0.715,3.29,-8.09
Addvertex,-0.685,3.31,-8.09
AddFace2,0,1,2,3
GenerateNormals
LoadTexture,bluster.bmp,bluster.bmp,,
SetTextureCoordinates,0,1,1,
SetTextureCoordinates,1,1,0,
SetTextureCoordinates,2,0,0,
SetTextureCoordinates,3,0,1
SetDecalTransparentColor,0,0,0,



;/tenjo_cylinder_L_dooron_c0
CreateMeshbuilder
Addvertex,-0.685,3.29,-6.58
Addvertex,-0.715,3.31,-6.58
Addvertex,-0.715,3.31,-3.25
Addvertex,-0.685,3.29,-3.25
AddFace2,0,1,2,3
GenerateNormals
LoadTexture,bluster.bmp,bluster.bmp,,
SetTextureCoordinates,0,1,1,
SetTextureCoordinates,1,1,0,
SetTextureCoordinates,2,0,0,
SetTextureCoordinates,3,0,1
SetDecalTransparentColor,0,0,0,


CreateMeshbuilder
Addvertex,-0.685,3.31,-6.58
Addvertex,-0.715,3.29,-6.58
Addvertex,-0.715,3.29,-3.25
Addvertex,-0.685,3.31,-3.25
AddFace2,0,1,2,3
GenerateNormals
LoadTexture,bluster.bmp,bluster.bmp,,
SetTextureCoordinates,0,1,1,
SetTextureCoordinates,1,1,0,
SetTextureCoordinates,2,0,0,
SetTextureCoordinates,3,0,1
SetDecalTransparentColor,0,0,0,


;/tenjo_cylinder_L_dooron_f0
CreateMeshbuilder
Addvertex,-0.685,3.29,-1.725
Addvertex,-0.715,3.31,-1.725
Addvertex,-0.715,3.31,0
Addvertex,-0.685,3.29,0
AddFace2,0,1,2,3
GenerateNormals
LoadTexture,bluster.bmp,bluster.bmp,,
SetTextureCoordinates,0,1,1,
SetTextureCoordinates,1,1,0,
SetTextureCoordinates,2,0,0,
SetTextureCoordinates,3,0,1
SetDecalTransparentColor,0,0,0,


CreateMeshbuilder
Addvertex,-0.685,3.31,-1.725
Addvertex,-0.715,3.29,-1.725
Addvertex,-0.715,3.29,0
Addvertex,-0.685,3.31,0
AddFace2,0,1,2,3
GenerateNormals
LoadTexture,bluster.bmp,bluster.bmp,,
SetTextureCoordinates,0,1,1,
SetTextureCoordinates,1,1,0,
SetTextureCoordinates,2,0,0,
SetTextureCoordinates,3,0,1
SetDecalTransparentColor,0,0,0,





,;////////////////////////////////////////
,;/tenjoboR
,;////////////////////////////////////////
;/tenjo_cylinder_R_dooron_b0
CreateMeshbuilder
Addvertex,0.685,3.29,-19.5
Addvertex,0.715,3.31,-19.5
Addvertex,0.715,3.31,-17.82
Addvertex,0.685,3.29,-17.82
AddFace2,0,1,2,3
GenerateNormals
LoadTexture,bluster.bmp,bluster.bmp,,
SetTextureCoordinates,0,1,1,
SetTextureCoordinates,1,1,0,
SetTextureCoordinates,2,0,0,
SetTextureCoordinates,3,0,1
SetDecalTransparentColor,0,0,0,


CreateMeshbuilder
Addvertex,0.685,3.31,-19.5
Addvertex,0.715,3.29,-19.5
Addvertex,0.715,3.29,-17.82
Addvertex,0.685,3.31,-17.82
AddFace2,0,1,2,3
GenerateNormals
LoadTexture,bluster.bmp,bluster.bmp,,
SetTextureCoordinates,0,1,1,
SetTextureCoordinates,1,1,0,
SetTextureCoordinates,2,0,0,
SetTextureCoordinates,3,0,1
SetDecalTransparentColor,0,0,0,


;/tenjo_cylinder_R_dooron_b1
CreateMeshbuilder
Addvertex,0.685,3.29,-16.02
Addvertex,0.715,3.31,-16.02
Addvertex,0.715,3.31,-12.92
Addvertex,0.685,3.29,-12.92
AddFace2,0,1,2,3
GenerateNormals
LoadTexture,bluster.bmp,bluster.bmp,,
SetTextureCoordinates,0,1,1,
SetTextureCoordinates,1,1,0,
SetTextureCoordinates,2,0,0,
SetTextureCoordinates,3,0,1
SetDecalTransparentColor,0,0,0,


CreateMeshbuilder
Addvertex,0.685,3.31,-16.27
Addvertex,0.715,3.29,-16.27
Addvertex,0.715,3.29,-12.92
Addvertex,0.685,3.31,-12.92
AddFace2,0,1,2,3
GenerateNormals
LoadTexture,bluster.bmp,bluster.bmp,,
SetTextureCoordinates,0,1,1,
SetTextureCoordinates,1,1,0,
SetTextureCoordinates,2,0,0,
SetTextureCoordinates,3,0,1
SetDecalTransparentColor,0,0,0,


;/tenjo_cylinder_R_dooron_c0
CreateMeshbuilder
Addvertex,0.685,3.29,-11.35
Addvertex,0.715,3.31,-11.35
Addvertex,0.715,3.31,-8.15
Addvertex,0.685,3.29,-8.15
AddFace2,0,1,2,3
GenerateNormals
LoadTexture,bluster.bmp,bluster.bmp,,
SetTextureCoordinates,0,1,1,
SetTextureCoordinates,1,1,0,
SetTextureCoordinates,2,0,0,
SetTextureCoordinates,3,0,1
SetDecalTransparentColor,0,0,0,


CreateMeshbuilder
Addvertex,0.685,3.31,-11.4
Addvertex,0.715,3.29,-11.4
Addvertex,0.715,3.29,-8.09
Addvertex,0.685,3.31,-8.09
AddFace2,0,1,2,3
GenerateNormals
LoadTexture,bluster.bmp,bluster.bmp,,
SetTextureCoordinates,0,1,1,
SetTextureCoordinates,1,1,0,
SetTextureCoordinates,2,0,0,
SetTextureCoordinates,3,0,1
SetDecalTransparentColor,0,0,0,


;/tenjo_cylinder_R_dooron_c0
CreateMeshbuilder
Addvertex,0.685,3.29,-6.58
Addvertex,0.715,3.31,-6.58
Addvertex,0.715,3.31,-3.25
Addvertex,0.685,3.29,-3.25
AddFace2,0,1,2,3
GenerateNormals
LoadTexture,bluster.bmp,bluster.bmp,,
SetTextureCoordinates,0,1,1,
SetTextureCoordinates,1,1,0,
SetTextureCoordinates,2,0,0,
SetTextureCoordinates,3,0,1
SetDecalTransparentColor,0,0,0,


CreateMeshbuilder
Addvertex,0.685,3.31,-6.58
Addvertex,0.715,3.29,-6.58
Addvertex,0.715,3.29,-3.25
Addvertex,0.685,3.31,-3.25
AddFace2,0,1,2,3
GenerateNormals
LoadTexture,bluster.bmp,bluster.bmp,,
SetTextureCoordinates,0,1,1,
SetTextureCoordinates,1,1,0,
SetTextureCoordinates,2,0,0,
SetTextureCoordinates,3,0,1
SetDecalTransparentColor,0,0,0,


;/tenjo_cylinder_R_dooron_f0
CreateMeshbuilder
Addvertex,0.685,3.29,-1.725
Addvertex,0.715,3.31,-1.725
Addvertex,0.715,3.31,0
Addvertex,0.685,3.29,0
AddFace2,0,1,2,3
GenerateNormals
LoadTexture,bluster.bmp,bluster.bmp,,
SetTextureCoordinates,0,1,1,
SetTextureCoordinates,1,1,0,
SetTextureCoordinates,2,0,0,
SetTextureCoordinates,3,0,1
SetDecalTransparentColor,0,0,0,


CreateMeshbuilder
Addvertex,0.685,3.31,-1.725
Addvertex,0.715,3.29,-1.725
Addvertex,0.715,3.29,0
Addvertex,0.685,3.31,0
AddFace2,0,1,2,3
GenerateNormals
LoadTexture,bluster.bmp,bluster.bmp,,
SetTextureCoordinates,0,1,1,
SetTextureCoordinates,1,1,0,
SetTextureCoordinates,2,0,0,
SetTextureCoordinates,3,0,1
SetDecalTransparentColor,0,0,0,

;------openBVE用------,,,,
;TranslateAll,0,0,9.75,
;openBVEの運転車両用として使う場合は上記;TranslateAllの;を消去してください。,,,,


translateall,0,0,9.8,
rotateall,0,1,0,180
