;//伊豆急8000系　中間付随車,,,
;------ボディ------,,,
CreateMeshBuilder,,;//前面,
AddVertex,-1.4,1,-19.5
AddVertex,-1.4,3.35,-19.5
AddVertex,-1.35,3.46,-19.5
AddVertex,-1.255,3.56,-19.5
AddVertex,-1.135,3.61,-19.5
AddVertex,-0.54,3.68,-19.5
AddVertex,0,3.7,-19.5
AddVertex,0.54,3.68,-19.5
AddVertex,1.135,3.61,-19.5
AddVertex,1.255,3.56,-19.5
AddVertex,1.35,3.46,-19.5
AddVertex,1.4,3.35,-19.5
AddVertex,1.4,1,-19.5
AddFace,12,0,1,11
AddFace,11,1,2,10
AddFace,10,2,3,9
AddFace,9,3,4,8
AddFace,8,4,5,7
AddFace,7,5,6,
GenerateNormals,,,,

LoadTexture,rear.bmp,,,
SetTextureCoordinates,0,0,0.997,
SetTextureCoordinates,1,0,0.13,
SetTextureCoordinates,2,0.018,0.089,
SetTextureCoordinates,3,0.052,0.052,
SetTextureCoordinates,4,0.095,0.033,
SetTextureCoordinates,5,0.307,0.007,
SetTextureCoordinates,6,0.5,0.001,
SetTextureCoordinates,7,0.693,0.007
SetTextureCoordinates,8,0.905,0.033
SetTextureCoordinates,9,0.948,0.052
SetTextureCoordinates,10,0.982,0.089
SetTextureCoordinates,11,1,0.13
SetTextureCoordinates,12,1,0.997
SetDecalTransparentColor,0,0,0

CreateMeshBuilder,,;//前面,
AddVertex,-1.4,1,-19.495
AddVertex,-1.4,3.35,-19.495
AddVertex,-1.35,3.46,-19.495
AddVertex,-1.255,3.56,-19.495
AddVertex,-1.135,3.61,-19.495
AddVertex,-0.54,3.68,-19.495
AddVertex,0,3.7,-19.495
AddVertex,0.54,3.68,-19.495,
AddVertex,1.135,3.61,-19.495,
AddVertex,1.255,3.56,-19.495,
AddVertex,1.35,3.46,-19.495,
AddVertex,1.4,3.35,-19.495,
AddVertex,1.4,1,-19.495,
AddFace,11,1,0,12
AddFace,10,2,1,11
AddFace,9,3,2,10
AddFace,8,4,3,9
AddFace,7,5,4,8
AddFace,6,5,7,
GenerateNormals,,,,

LoadTexture,rear int.bmp,,,
SetTextureCoordinates,0,0,0.997,
SetTextureCoordinates,1,0,0.13
SetTextureCoordinates,2,0.018,0.089
SetTextureCoordinates,3,0.052,0.052
SetTextureCoordinates,4,0.095,0.033
SetTextureCoordinates,5,0.307,0.007
SetTextureCoordinates,6,0.5,0.001
SetTextureCoordinates,7,0.693,0.007
SetTextureCoordinates,8,0.905,0.033
SetTextureCoordinates,9,0.948,0.052
SetTextureCoordinates,10,0.982,0.089
SetTextureCoordinates,11,1,0.13
SetTextureCoordinates,12,1,0.997
SetDecalTransparentColor,0,0,0
SetEmissiveColor,255,255,255

CreateMeshBuilder,,;//後面,
AddVertex,-1.4,1,0
AddVertex,-1.4,3.35,0,
AddVertex,-1.35,3.46,0,
AddVertex,-1.255,3.56,0,
AddVertex,-1.135,3.61,0,
AddVertex,-0.54,3.68,0,
AddVertex,0,3.7,0,
AddVertex,0.54,3.68,0,
AddVertex,1.135,3.61,0,
AddVertex,1.255,3.56,0,
AddVertex,1.35,3.46,0,
AddVertex,1.4,3.35,0,
AddVertex,1.4,1,0,
AddFace,12,11,1,0
AddFace,11,10,2,1
AddFace,10,9,3,2
AddFace,9,8,4,3
AddFace,8,7,5,4
AddFace,7,6,5,
GenerateNormals,,,,

LoadTexture,rear.bmp,,,
SetTextureCoordinates,0,0,0.997,
SetTextureCoordinates,1,0,0.13,
SetTextureCoordinates,2,0.018,0.089,
SetTextureCoordinates,3,0.052,0.052,
SetTextureCoordinates,4,0.095,0.033,
SetTextureCoordinates,5,0.307,0.007,
SetTextureCoordinates,6,0.5,0.001,
SetTextureCoordinates,7,0.693,0.007,
SetTextureCoordinates,8,0.905,0.033,
SetTextureCoordinates,9,0.948,0.052,
SetTextureCoordinates,10,0.982,0.089,
SetTextureCoordinates,11,1,0.13
SetTextureCoordinates,12,1,0.997
SetDecalTransparentColor,0,0,0

CreateMeshBuilder,,;//後面,
AddVertex,-1.4,1,-0.005
AddVertex,-1.4,3.35,-0.005
AddVertex,-1.35,3.46,-0.005
AddVertex,-1.255,3.56,-0.005
AddVertex,-1.135,3.61,-0.005
AddVertex,-0.54,3.68,-0.005
AddVertex,0,3.7,-0.005
AddVertex,0.54,3.68,-0.005
AddVertex,1.135,3.61,-0.005
AddVertex,1.255,3.56,-0.005
AddVertex,1.35,3.46,-0.005
AddVertex,1.4,3.35,-0.005,
AddVertex,1.4,1,-0.005,
AddFace,0,1,11,12
AddFace,1,2,10,11
AddFace,2,3,9,10
AddFace,3,4,8,9
AddFace,4,5,7,8
AddFace,5,6,7,
GenerateNormals,,,,

LoadTexture,rear int.bmp,,,
SetTextureCoordinates,0,0,0.997,
SetTextureCoordinates,1,0,0.13,
SetTextureCoordinates,2,0.018,0.089,
SetTextureCoordinates,3,0.052,0.052,
SetTextureCoordinates,4,0.095,0.033,
SetTextureCoordinates,5,0.307,0.007
SetTextureCoordinates,6,0.5,0.001
SetTextureCoordinates,7,0.693,0.007
SetTextureCoordinates,8,0.905,0.033
SetTextureCoordinates,9,0.948,0.052
SetTextureCoordinates,10,0.982,0.089
SetTextureCoordinates,11,1,0.13
SetTextureCoordinates,12,1,0.997
SetDecalTransparentColor,0,0,0
SetEmissiveColor,255,255,255


CreateMeshBuilder,,;//連結幌,
AddVertex     ,-0.5,3.2,0.3
AddVertex     ,-0.5,3.2,0
AddVertex     ,0.5,3.2,0
AddVertex     ,0.5,3.2,0.3
AddVertex     ,0.6,3.13,0
AddVertex     ,0.6,3.13,0.3
AddVertex     ,0.6,1.19,0
AddVertex     ,0.6,1.19,0.3
AddVertex     ,0.5,1.12,0
AddVertex     ,0.5,1.12,0.3
AddVertex     ,-0.6,3.13,0.3
AddVertex     ,-0.6,3.13,0
AddVertex     ,-0.6,1.19,0
AddVertex     ,-0.6,1.19,0.3
AddVertex     ,-0.5,1.12,0
AddVertex     ,-0.5,1.12,0.3,
AddFace2,0,1,2,3
AddFace2,4,2,3,5
AddFace2,6,4,5,7
AddFace2,8,6,7,9
AddFace2,1,11,10,0
AddFace2,11,12,13,10
AddFace2,12,14,15,13
AddFace2,8,14,15,9
GenerateNormals,,,,

LoadTexture,horo.bmp,,,
SetTextureCoordinates,0,1,0,
SetTextureCoordinates,1,0,1,
SetTextureCoordinates,2,0,1,
SetTextureCoordinates,3,1,0,
SetTextureCoordinates,4,0,1
SetTextureCoordinates,5,1,0
SetTextureCoordinates,6,0,5
SetTextureCoordinates,7,1,0
SetTextureCoordinates,8,0,1
SetTextureCoordinates,9,1,0
SetTextureCoordinates,10,1,0
SetTextureCoordinates,11,0,1
SetTextureCoordinates,12,0,5
SetTextureCoordinates,13,1,0
SetTextureCoordinates,14,0,1
SetTextureCoordinates,15,1,0

CreateMeshBuilder,,;//連結幌,
AddVertex     ,-0.5,3.2,-19.8
AddVertex     ,-0.5,3.2,-19.5
AddVertex     ,0.5,3.2,-19.5
AddVertex     ,0.5,3.2,-19.8
AddVertex     ,0.6,3.13,-19.5
AddVertex     ,0.6,3.13,-19.8
AddVertex     ,0.6,1.19,-19.5
AddVertex     ,0.6,1.19,-19.8,
AddVertex     ,0.5,1.12,-19.5,
AddVertex     ,0.5,1.12,-19.8,
AddVertex     ,-0.6,3.13,-19.8,
AddVertex     ,-0.6,3.13,-19.5,
AddVertex     ,-0.6,1.19,-19.5,
AddVertex     ,-0.6,1.19,-19.8,
AddVertex     ,-0.5,1.12,-19.5,
AddVertex     ,-0.5,1.12,-19.8,
AddFace2,0,1,2,3
AddFace2,4,2,3,5
AddFace2,6,4,5,7
AddFace2,8,6,7,9
AddFace2,1,11,10,0
AddFace2,11,12,13,10
AddFace2,12,14,15,13
AddFace2,8,14,15,9
GenerateNormals,,,,

LoadTexture,horo.bmp,,,
SetTextureCoordinates,0,1,0,
SetTextureCoordinates,1,0,1,
SetTextureCoordinates,2,0,1,
SetTextureCoordinates,3,1,0,
SetTextureCoordinates,4,0,1,
SetTextureCoordinates,5,1,0,
SetTextureCoordinates,6,0,5,
SetTextureCoordinates,7,1,0,
SetTextureCoordinates,8,0,1,
SetTextureCoordinates,9,1,0,
SetTextureCoordinates,10,1,0,
SetTextureCoordinates,11,0,1,
SetTextureCoordinates,12,0,5,
SetTextureCoordinates,13,1,0,
SetTextureCoordinates,14,0,1,
SetTextureCoordinates,15,1,0,

CreateMeshBuilder,,;//左側面,
AddVertex,1.4,1,-19.5
AddVertex,1.4,3.35,-19.5,
AddVertex,1.4,3.35,0,
AddVertex,1.4,1,0,
AddFace,0,1,2,3
GenerateNormals,,,,

LoadTexture,side2-3.bmp,,,
SetTextureCoordinates,0,0.001,1,
SetTextureCoordinates,1,0.001,0.01,
SetTextureCoordinates,2,1,0.01,
SetTextureCoordinates,3,1,1,
SetDecalTransparentColor,255,255,255,

CreateMeshBuilder,,;//左側面,,
AddVertex,1.37,1,-19.5,
AddVertex,1.37,3.35,-19.5,
AddVertex,1.37,3.35,0,
AddVertex,1.37,1,0,
AddFace,3,2,1,0
GenerateNormals,,,,

LoadTexture,side int2.bmp,,,
SetTextureCoordinates,0,0.001,1,
SetTextureCoordinates,1,0.001,0.01,
SetTextureCoordinates,2,1,0.01,
SetTextureCoordinates,3,1,1,
SetDecalTransparentColor,255,255,255,
SetEmissiveColor,255,255,255

CreateMeshBuilder,,;//左側面方向幕,,
AddVertex,1.405,3.09,-9.57,
AddVertex,1.405,3.27,-9.57,
AddVertex,1.405,3.27,-8.923,
AddVertex,1.405,3.09,-8.923,
AddFace2,0,1,2,3
GenerateNormals,,,,

LoadTexture,ikisaki.bmp,,,
SetTextureCoordinates,0,0,1,
SetTextureCoordinates,1,0,0,
SetTextureCoordinates,2,1,0,
SetTextureCoordinates,3,1,1,
SetDecalTransparentColor,0,0,0

CreateMeshBuilder,,;//左側面転落防止幌,,
AddVertex,1.41,1.2,-19.47,
AddVertex,1.41,2.4,-19.47,
AddVertex,1.41,2.4,-19.7,
AddVertex,1.41,1.2,-19.7,
AddVertex,1.41,1.2,-0.03,
AddVertex,1.41,2.4,-0.03,
AddVertex,1.41,2.4,0.2,
AddVertex,1.41,1.2,0.2,
AddFace2,0,1,2,3
AddFace2,4,5,6,7
GenerateNormals,,,,

LoadTexture,horo2.bmp,,,
SetTextureCoordinates,0,0.03,1,
SetTextureCoordinates,1,0.03,0,
SetTextureCoordinates,2,0.99,0,
SetTextureCoordinates,3,0.99,1,
SetTextureCoordinates,4,0.03,1,
SetTextureCoordinates,5,0.03,0,
SetTextureCoordinates,6,0.99,0,
SetTextureCoordinates,7,0.99,1,
SetDecalTransparentColor,0,0,0,



CreateMeshBuilder,,;//右側面,,
AddVertex,-1.4,1,-19.5,
AddVertex,-1.4,3.35,-19.5,
AddVertex,-1.4,3.35,0,
AddVertex,-1.4,1,0,
AddFace,0,3,2,1
GenerateNormals,,,,

LoadTexture,side2-2.bmp,,,
SetTextureCoordinates,0,0.001,1,
SetTextureCoordinates,1,0.001,0.01,
SetTextureCoordinates,2,1,0.01,
SetTextureCoordinates,3,1,1,
SetDecalTransparentColor,255,255,255,

CreateMeshBuilder,,;//右側面,,
AddVertex,-1.37,1,-19.5,
AddVertex,-1.37,3.35,-19.5,
AddVertex,-1.37,3.35,0,
AddVertex,-1.37,1,0,
AddFace,1,2,3,0
GenerateNormals,,,,

LoadTexture,side int2.bmp,,,
SetTextureCoordinates,0,0.001,1,
SetTextureCoordinates,1,0.001,0.01,
SetTextureCoordinates,2,1,0.01,
SetTextureCoordinates,3,1,1,
SetDecalTransparentColor,255,255,255,
SetEmissiveColor,255,255,255

CreateMeshBuilder,,;//右側面方向幕,,
AddVertex,-1.405,3.09,-9.57,
AddVertex,-1.405,3.27,-9.57,
AddVertex,-1.405,3.27,-8.923,
AddVertex,-1.405,3.09,-8.923,
AddFace,0,3,2,1
GenerateNormals,,,,

LoadTexture,ikisaki.bmp,,,
SetTextureCoordinates,0,1,1,
SetTextureCoordinates,1,1,0,
SetTextureCoordinates,2,0,0,
SetTextureCoordinates,3,0,1,
SetDecalTransparentColor,0,0,0


CreateMeshBuilder,,;//右側面転落防止幌,,
AddVertex,-1.41,1.2,-19.47,
AddVertex,-1.41,2.4,-19.47,
AddVertex,-1.41,2.4,-19.7,
AddVertex,-1.41,1.2,-19.7,
AddVertex,-1.41,1.2,-0.03,
AddVertex,-1.41,2.4,-0.03,
AddVertex,-1.41,2.4,0.2,
AddVertex,-1.41,1.2,0.2,
AddFace2,0,1,2,3
AddFace2,4,5,6,7
GenerateNormals,,,,

LoadTexture,horo2.bmp,,,
SetTextureCoordinates,0,0.03,1
SetTextureCoordinates,1,0.03,0
SetTextureCoordinates,2,0.99,0
SetTextureCoordinates,3,0.99,1
SetTextureCoordinates,4,0.03,1
SetTextureCoordinates,5,0.03,0
SetTextureCoordinates,6,0.99,0
SetTextureCoordinates,7,0.99,1
SetDecalTransparentColor,0,0,0


CreateMeshBuilder,,;//底面,
AddVertex,-1.4,1,-19.5
AddVertex,1.4,1,-19.5
AddVertex,-1.4,1,0
AddVertex,1.4,1,0
AddFace,0,1,3,2
SetColor,0,0,0,
GenerateNormals,,,,


;------屋根------,,,,
CreateMeshBuilder,,;//屋根,,
AddVertex,-1.4,3.35,-19.5,
AddVertex,-1.35,3.46,-19.5,
AddVertex,-1.255,3.56,-19.5,
AddVertex,-1.135,3.61,-19.5,
AddVertex,-0.54,3.68,-19.5,
AddVertex,0,3.7,-19.5,
AddVertex,0.54,3.68,-19.5,
AddVertex,1.135,3.61,-19.5,
AddVertex,1.255,3.56,-19.5,
AddVertex,1.35,3.46,-19.5,
AddVertex,1.4,3.35,-19.5,
AddVertex,-1.4,3.35,0,
AddVertex,-1.35,3.46,0,
AddVertex,-1.255,3.56,0,
AddVertex,-1.135,3.61,0,
AddVertex,-0.54,3.68,0,
AddVertex,0,3.7,0,
AddVertex,0.54,3.68,0,
AddVertex,1.135,3.61,0,
AddVertex,1.255,3.56,0,
AddVertex,1.35,3.46,0,
AddVertex,1.4,3.35,0,
AddFace2,1,0,11,12
AddFace2,2,1,12,13
AddFace2,3,2,13,14
AddFace2,4,3,14,15
AddFace2,5,4,15,16
AddFace2,6,5,16,17
AddFace2,7,6,17,18
AddFace2,8,7,18,19
AddFace2,9,8,19,20
AddFace2,10,9,20,21
GenerateNormals,,,,

LoadTexture,yane.bmp,,,
SetTextureCoordinates,0,0,0,
SetTextureCoordinates,1,0.04,0,
SetTextureCoordinates,2,0.125,0,
SetTextureCoordinates,3,0.15,0,
SetTextureCoordinates,4,0.3,0,
SetTextureCoordinates,5,0.5,0,
SetTextureCoordinates,6,0.7,0
SetTextureCoordinates,7,0.85,0
SetTextureCoordinates,8,0.875,0
SetTextureCoordinates,9,0.96,0
SetTextureCoordinates,10,1,0
SetTextureCoordinates,11,0,1
SetTextureCoordinates,12,0.04,1
SetTextureCoordinates,13,0.125,1
SetTextureCoordinates,14,0.15,1
SetTextureCoordinates,15,0.3,1
SetTextureCoordinates,16,0.5,1
SetTextureCoordinates,17,0.7,1
SetTextureCoordinates,18,0.85,1
SetTextureCoordinates,19,0.875,1
SetTextureCoordinates,20,0.96,1
SetTextureCoordinates,21,1,1

CreateMeshBuilder,,;//ランボード,
Cube,0.12,0.05,0.88
SetColor,120,120,120
Translate,-0.55,3.68,-16.6
GenerateNormals,,,


CreateMeshBuilder,,;//ランボード,
Cube,0.12,0.05,0.88
SetColor,120,120,120
Translate,0.55,3.68,-16.6
GenerateNormals,,,

CreateMeshBuilder,,;//ランボード,,
AddVertex,-1.25,3.57,-19.1,
AddVertex,-1.23,3.63,-19.1,
AddVertex,-1.25,3.57,-0.4,
AddVertex,-1.23,3.63,-0.4,
AddVertex,1.25,3.57,-19.1,
AddVertex,1.23,3.63,-19.1,
AddVertex,1.25,3.57,-0.4,
AddVertex,1.23,3.63,-0.4,
AddFace,2,3,1,0
AddFace,3,7,5,1
AddFace,4,5,7,6
AddFace,0,1,5,4
AddFace,6,7,3,2
SetColor,120,120,120,
GenerateNormals,,,,


;------屋根上機器------,,,,
CreateMeshBuilder,,;//クーラー,,
AddVertex,-0.77,3.6,-17.6,
AddVertex,-0.53,4.13,-17.55,
AddVertex,-0.77,3.6,-15.4,
AddVertex,-0.53,4.13,-15.45,
AddVertex,0.77,3.6,-17.6,
AddVertex,0.53,4.13,-17.55,
AddVertex,0.77,3.6,-15.4,
AddVertex,0.53,4.13,-15.45,
AddFace,2,3,1,0
AddFace,3,7,5,1
AddFace,4,5,7,6
AddFace,0,1,5,4
AddFace,6,7,3,2
Translate,0,0,2.35
GenerateNormals,,,,

LoadTexture,cooler2.bmp,,,
SetTextureCoordinates,0,0,0,
SetTextureCoordinates,1,0.025,0.21,
SetTextureCoordinates,2,1,0,
SetTextureCoordinates,3,0.975,0.21,
SetTextureCoordinates,4,0,1,
SetTextureCoordinates,5,0.025,0.79,
SetTextureCoordinates,6,1,1,
SetTextureCoordinates,7,0.975,0.79,


CreateMeshBuilder,,;//クーラー,,
AddVertex,-0.77,3.6,-17.6,
AddVertex,-0.53,4.13,-17.55,
AddVertex,-0.77,3.6,-15.4,
AddVertex,-0.53,4.13,-15.45,
AddVertex,0.77,3.6,-17.6,
AddVertex,0.53,4.13,-17.55,
AddVertex,0.77,3.6,-15.4,
AddVertex,0.53,4.13,-15.45,
AddFace,2,3,1,0
AddFace,3,7,5,1
AddFace,4,5,7,6
AddFace,0,1,5,4
AddFace,6,7,3,2
Translate,0,0,4.82,
GenerateNormals,,,,

LoadTexture,cooler.bmp,,
SetTextureCoordinates,0,0,0
SetTextureCoordinates,1,0.025,0.21
SetTextureCoordinates,2,1,0
SetTextureCoordinates,3,0.975,0.21
SetTextureCoordinates,4,0,1
SetTextureCoordinates,5,0.025,0.79
SetTextureCoordinates,6,1,1
SetTextureCoordinates,7,0.975,0.79


CreateMeshBuilder,,;//クーラー,
AddVertex,-0.77,3.6,-17.6,
AddVertex,-0.53,4.13,-17.55,
AddVertex,-0.77,3.6,-15.4,
AddVertex,-0.53,4.13,-15.45,
AddVertex,0.77,3.6,-17.6,
AddVertex,0.53,4.13,-17.55,
AddVertex,0.77,3.6,-15.4,
AddVertex,0.53,4.13,-15.45,
AddFace,2,3,1,0
AddFace,3,7,5,1
AddFace,4,5,7,6
AddFace,0,1,5,4
AddFace,6,7,3,2
Translate,0,0,9.64,
GenerateNormals,,,,

LoadTexture,cooler.bmp,,,
SetTextureCoordinates,0,0,0,
SetTextureCoordinates,1,0.025,0.21,
SetTextureCoordinates,2,1,0
SetTextureCoordinates,3,0.975,0.21
SetTextureCoordinates,4,0,1
SetTextureCoordinates,5,0.025,0.79
SetTextureCoordinates,6,1,1
SetTextureCoordinates,7,0.975,0.79


CreateMeshBuilder,,;//クーラー,
AddVertex,-0.77,3.6,-17.6,
AddVertex,-0.53,4.13,-17.55,
AddVertex,-0.77,3.6,-15.4,
AddVertex,-0.53,4.13,-15.45,
AddVertex,0.77,3.6,-17.6,
AddVertex,0.53,4.13,-17.55,
AddVertex,0.77,3.6,-15.4,
AddVertex,0.53,4.13,-15.45,
AddFace,2,3,1,0
AddFace,3,7,5,1
AddFace,4,5,7,6
AddFace,0,1,5,4
AddFace,6,7,3,2
Translate,0,0,14.46,
GenerateNormals,,,,

LoadTexture,cooler2.bmp,,,
SetTextureCoordinates,0,0,0,
SetTextureCoordinates,1,0.025,0.21,
SetTextureCoordinates,2,1,0,
SetTextureCoordinates,3,0.975,0.21,
SetTextureCoordinates,4,0,1,
SetTextureCoordinates,5,0.025,0.79,
SetTextureCoordinates,6,1,1
SetTextureCoordinates,7,0.975,0.79

CreateMeshBuilder,,;//避雷器,,
Cylinder,8,0.15,0.15,0.4
Translate  ,0,3.88,-18.4,
SetColor,150,150,150,


CreateMeshBuilder,,;//機器箱,,
Cube,0.23,0.08,0.37,
SetColor,170,170,170,
Translate,-0.53,3.87,-18.6,
GenerateNormals,,,,


CreateMeshBuilder,,;//機器箱支柱,,
Cylinder,4,0.05,0.05,0.15
Translate             ,-0.53,3.75,-18.78,
SetColor,120,120,120,
GenerateNormals,,,,


CreateMeshBuilder,,;//機器箱支柱,,
Cylinder,4,0.05,0.05,0.15
Translate             ,-0.53,3.75,-18.42,
SetColor,120,120,120,
GenerateNormals,,,,


CreateMeshBuilder,,;//機器箱,,
Cube,0.23,0.08,0.37,
SetColor,170,170,170,
Translate,0.53,3.87,-18.6,
GenerateNormals,,,,


CreateMeshBuilder,,;//機器箱支柱,,
Cylinder,4,0.05,0.05,0.15
Translate             ,0.53,3.75,-18.78,
SetColor,120,120,120,
GenerateNormals,,,,


CreateMeshBuilder,,;//機器箱支柱,,
Cylinder,4,0.05,0.05,0.15
Translate             ,0.53,3.75,-18.42,
SetColor,120,120,120,
GenerateNormals,,,,


;------連結器------,,,
CreateMeshBuilder,,;//後面連結器,
Cube,0.1,0.1,0.75
SetColor,35,35,35
Translate,0,0.9,0
GenerateNormals,,,


;------台車(前）------,,,,
CreateMeshBuilder,,;//左台車,,
AddVertex,0.9,0.17,-18.13,
AddVertex,0.9,0.94,-18.13,
AddVertex,0.9,0.94,-15.07,
AddVertex,0.9,0.17,-15.07,
AddFace,0,1,2,3
GenerateNormals,,,,

LoadTexture,daisha1.bmp,,,
SetTextureCoordinates,0,0,1,
SetTextureCoordinates,1,0,0,
SetTextureCoordinates,2,1,0,
SetTextureCoordinates,3,1,1,
SetDecalTransparentColor,0,0,0,


CreateMeshBuilder,,;//左台車,,
AddVertex,0.75,0.17,-18.13,
AddVertex,0.75,0.94,-18.13,
AddVertex,0.75,0.94,-15.07,
AddVertex,0.75,0.17,-15.07,
AddFace2,0,1,2,3
SetColor,50,50,50,
GenerateNormals,,,,

LoadTexture,daisha1.bmp,,,
SetTextureCoordinates,0,0,1,
SetTextureCoordinates,1,0,0,
SetTextureCoordinates,2,1,0,
SetTextureCoordinates,3,1,1,
SetDecalTransparentColor,0,0,0,


CreateMeshBuilder,,;//右台車,,
AddVertex,-0.9,0.17,-18.13,
AddVertex,-0.9,0.94,-18.13,
AddVertex,-0.9,0.94,-15.07,
AddVertex,-0.9,0.17,-15.07,
AddFace,0,3,2,1
GenerateNormals,,,,

LoadTexture,daisha1.bmp,,,
SetTextureCoordinates,0,0,1,
SetTextureCoordinates,1,0,0,
SetTextureCoordinates,2,1,0,
SetTextureCoordinates,3,1,1,
SetDecalTransparentColor,0,0,0,


CreateMeshBuilder,,;//右台車,,
AddVertex,-0.75,0.17,-18.13,
AddVertex,-0.75,0.94,-18.13,
AddVertex,-0.75,0.94,-15.07,
AddVertex,-0.75,0.17,-15.07,
AddFace2,0,3,2,1
SetColor,50,50,50,
GenerateNormals,,,,

LoadTexture,daisha1.bmp,,,
SetTextureCoordinates,0,0,1,
SetTextureCoordinates,1,0,0,
SetTextureCoordinates,2,1,0,
SetTextureCoordinates,3,1,1,
SetDecalTransparentColor,0,0,0,

CreateMeshBuilder,,;//左台車,,
AddVertex   ,1.2,0.45,-17.15,
AddVertex   ,1.2,1.05,-17.15,
AddVertex   ,1.2,1.05,-16.15,
AddVertex   ,1.2,0.45,-16.15,
AddFace,0,1,2,3
GenerateNormals,,,,

LoadTexture,daisha2.bmp,,,
SetTextureCoordinates,0,0,1,
SetTextureCoordinates,1,0,0,
SetTextureCoordinates,2,1,0,
SetTextureCoordinates,3,1,1,
SetDecalTransparentColor,0,0,0,


CreateMeshBuilder,,;//左台車,,
AddVertex   ,1,0.45,-17.15,
AddVertex   ,1,1.1,-17.15,
AddVertex   ,1,1.1,-16.15,
AddVertex   ,1,0.45,-16.15,
AddFace2,0,1,2,3
SetColor,170,170,170,
GenerateNormals,,,,

LoadTexture,daisha2.bmp,,,
SetTextureCoordinates,0,0,1,
SetTextureCoordinates,1,0,0,
SetTextureCoordinates,2,1,0,
SetTextureCoordinates,3,1,1,
SetDecalTransparentColor,0,0,0,

CreateMeshBuilder,,;//左台車,,
AddVertex   ,-1.2,0.45,-17.15,
AddVertex   ,-1.2,1.05,-17.15,
AddVertex   ,-1.2,1.05,-16.15,
AddVertex   ,-1.2,0.45,-16.15,
AddFace,3,2,1,0
GenerateNormals,,,,

LoadTexture,daisha2.bmp,,,
SetTextureCoordinates,3,0,1,
SetTextureCoordinates,2,0,0,
SetTextureCoordinates,1,1,0,
SetTextureCoordinates,0,1,1,
SetDecalTransparentColor,0,0,0,


CreateMeshBuilder,,;//左台車,,
AddVertex   ,-1,0.45,-17.15,
AddVertex   ,-1,1.1,-17.15,
AddVertex   ,-1,1.1,-16.15,
AddVertex   ,-1,0.45,-16.15,
AddFace2,3,2,1,0
SetColor,170,170,170,
GenerateNormals,,,,

LoadTexture,daisha2.bmp,,,
SetTextureCoordinates,3,0,1,
SetTextureCoordinates,2,0,0,
SetTextureCoordinates,1,1,0,
SetTextureCoordinates,0,1,1,
SetDecalTransparentColor,0,0,0,

CreateMeshBuilder,,;//左ブレーキ,,
AddVertex,0.6,0.12,-17.33,
AddVertex,0.6,0.62,-17.33,
AddVertex,0.6,0.62,-15.87,
AddVertex,0.6,0.12,-15.87,
AddFace,0,1,2,3
GenerateNormals,,,,

LoadTexture,brake2.bmp,,,
SetTextureCoordinates,0,0,1,
SetTextureCoordinates,1,0,0,
SetTextureCoordinates,2,1,0,
SetTextureCoordinates,3,1,1,
SetDecalTransparentColor,0,0,0,


CreateMeshBuilder,,;//左ブレーキ,,
AddVertex,0.57,0.12,-17.33,
AddVertex,0.57,0.62,-17.33,
AddVertex,0.57,0.62,-15.87,
AddVertex,0.57,0.12,-15.87,
AddFace2,0,1,2,3
SetColor,30,30,30,
GenerateNormals,,,,

LoadTexture,brake2.bmp,,,
SetTextureCoordinates,0,0,1,
SetTextureCoordinates,1,0,0,
SetTextureCoordinates,2,1,0,
SetTextureCoordinates,3,1,1,
SetDecalTransparentColor,0,0,0,


CreateMeshBuilder,,;//右ブレーキ,,
AddVertex,-0.6,0.12,-17.33,
AddVertex,-0.6,0.62,-17.33,
AddVertex,-0.6,0.62,-15.87,
AddVertex,-0.6,0.12,-15.87,
AddFace,0,3,2,1
GenerateNormals,,,,

LoadTexture,brake2.bmp,,,
SetTextureCoordinates,0,0,1,
SetTextureCoordinates,1,0,0,
SetTextureCoordinates,2,1,0,
SetTextureCoordinates,3,1,1,
SetDecalTransparentColor,0,0,0,


CreateMeshBuilder,,;//右ブレーキ,,
AddVertex,-0.57,0.12,-17.33,
AddVertex,-0.57,0.62,-17.33,
AddVertex,-0.57,0.62,-15.87,
AddVertex,-0.57,0.12,-15.87,
AddFace2,0,1,2,3
SetColor,30,30,30,
GenerateNormals,,,,

LoadTexture,brake2.bmp,,,
SetTextureCoordinates,0,0,1,
SetTextureCoordinates,1,0,0,
SetTextureCoordinates,2,1,0,
SetTextureCoordinates,3,1,1,
SetDecalTransparentColor,0,0,0,


CreateMeshBuilder,,;//左側空気バネ,,
Cylinder,6,0.38,0.38,0.15
SetColor,30,30,30,
Translate,0.95,0.92,-16.6,


CreateMeshBuilder,,;//左側空気バネ,,
Cylinder,6,0.21,0.21,0.1
SetColor,60,56,56,
Translate,0.95,0.8,-16.6,


CreateMeshBuilder,,;//右側空気バネ,,
Cylinder,6,0.38,0.38,0.15
SetColor,30,30,30,
Translate,-0.95,0.92,-16.6,


CreateMeshBuilder,,;//右側空気バネ,,
Cylinder,6,0.21,0.21,0.1
SetColor,60,56,56,
Translate,-0.95,0.8,-16.6,


;------台車(後）------,,,,
CreateMeshBuilder,,;//左台車,,
AddVertex,0.9,0.17,-4.43,
AddVertex,0.9,0.94,-4.43,
AddVertex,0.9,0.94,-1.37,
AddVertex,0.9,0.17,-1.37,
AddFace,0,1,2,3
GenerateNormals,,,,

LoadTexture,daisha1.bmp,,,
SetTextureCoordinates,0,0,1,
SetTextureCoordinates,1,0,0,
SetTextureCoordinates,2,1,0,
SetTextureCoordinates,3,1,1,
SetDecalTransparentColor,0,0,0,


CreateMeshBuilder,,;//左台車,,
AddVertex,0.75,0.17,-4.43,
AddVertex,0.75,0.94,-4.43,
AddVertex,0.75,0.94,-1.37,
AddVertex,0.75,0.17,-1.37,
AddFace2,0,1,2,3
SetColor,50,50,50,
GenerateNormals,,,,

LoadTexture,daisha1.bmp,,,
SetTextureCoordinates,0,0,1,
SetTextureCoordinates,1,0,0,
SetTextureCoordinates,2,1,0,
SetTextureCoordinates,3,1,1,
SetDecalTransparentColor,0,0,0,


CreateMeshBuilder,,;//右台車,,
AddVertex,-0.9,0.17,-4.43,
AddVertex,-0.9,0.94,-4.43,
AddVertex,-0.9,0.94,-1.37,
AddVertex,-0.9,0.17,-1.37,
AddFace,0,3,2,1
GenerateNormals,,,,

LoadTexture,daisha1.bmp,,,
SetTextureCoordinates,0,0,1,
SetTextureCoordinates,1,0,0,
SetTextureCoordinates,2,1,0,
SetTextureCoordinates,3,1,1,
SetDecalTransparentColor,0,0,0,


CreateMeshBuilder,,;//右台車,,
AddVertex,-0.75,0.17,-4.43,
AddVertex,-0.75,0.94,-4.43,
AddVertex,-0.75,0.94,-1.37,
AddVertex,-0.75,0.17,-1.37,
AddFace2,0,3,2,1
SetColor,50,50,50,
GenerateNormals,,,,

LoadTexture,daisha1.bmp,,,
SetTextureCoordinates,0,0,1,
SetTextureCoordinates,1,0,0,
SetTextureCoordinates,2,1,0,
SetTextureCoordinates,3,1,1,
SetDecalTransparentColor,0,0,0,

CreateMeshBuilder,,;//左台車,,
AddVertex   ,1,0.45,-17.15,
AddVertex   ,1,1.1,-17.15,
AddVertex   ,1,1.1,-16.15,
AddVertex   ,1,0.45,-16.15,
AddFace2,0,1,2,3
SetColor,170,170,170,
Translate ,0,0,13.75
GenerateNormals,,,,

LoadTexture,daisha2.bmp,,,
SetTextureCoordinates,0,0,1,
SetTextureCoordinates,1,0,0,
SetTextureCoordinates,2,1,0,
SetTextureCoordinates,3,1,1,
SetDecalTransparentColor,0,0,0,

CreateMeshBuilder,,;//左台車,,
AddVertex   ,1.1,0.45,-17.15,
AddVertex   ,1.1,1.1,-17.15,
AddVertex   ,1.1,1.1,-16.15,
AddVertex   ,1.1,0.45,-16.15,
AddFace,0,1,2,3
Translate ,0,0,13.75
GenerateNormals,,,,

LoadTexture,daisha2.bmp,,,
SetTextureCoordinates,0,0,1,
SetTextureCoordinates,1,0,0,
SetTextureCoordinates,2,1,0,
SetTextureCoordinates,3,1,1,
SetDecalTransparentColor,0,0,0,

CreateMeshBuilder,,;//左台車,,
AddVertex   ,-1,0.45,-17.15,
AddVertex   ,-1,1.1,-17.15,
AddVertex   ,-1,1.1,-16.15,
AddVertex   ,-1,0.45,-16.15,
AddFace2,3,2,1,0
SetColor,170,170,170,
Translate ,0,0,13.75
GenerateNormals,,,,

LoadTexture,daisha2.bmp,,,
SetTextureCoordinates,3,0,1,
SetTextureCoordinates,2,0,0,
SetTextureCoordinates,1,1,0,
SetTextureCoordinates,0,1,1,
SetDecalTransparentColor,0,0,0,

CreateMeshBuilder,,;//左台車,,
AddVertex   ,-1.1,0.45,-17.15,
AddVertex   ,-1.1,1.1,-17.15,
AddVertex   ,-1.1,1.1,-16.15,
AddVertex   ,-1.1,0.45,-16.15,
AddFace,3,2,1,0
Translate ,0,0,13.75
GenerateNormals,,,,

LoadTexture,daisha2.bmp,,,
SetTextureCoordinates,3,0,1,
SetTextureCoordinates,2,0,0,
SetTextureCoordinates,1,1,0,
SetTextureCoordinates,0,1,1,
SetDecalTransparentColor,0,0,0,


CreateMeshBuilder,,;//左側空気バネ,,
Cylinder,6,0.38,0.38,0.15
SetColor,30,30,30,
Translate,0.95,0.92,-2.9,


CreateMeshBuilder,,;//左側空気バネ,,
Cylinder,6,0.21,0.21,0.1
SetColor,60,56,56,
Translate,0.95,0.8,-2.9,


CreateMeshBuilder,,;//右側空気バネ,,
Cylinder,6,0.38,0.38,0.15
SetColor,30,30,30,
Translate,-0.95,0.92,-2.9,


CreateMeshBuilder,,;//右側空気バネ,,
Cylinder,6,0.21,0.21,0.1
SetColor,60,56,56,
Translate,-0.95,0.8,-2.9,


;------床下機器------,,,,
CreateMeshBuilder,,;//床下機器,,
AddVertex,1.1,0.25,-14.1,
AddVertex,1.1,1,-14.1,
AddVertex,1.1,1,-4.9,
AddVertex,1.1,0.25,-4.9,
AddVertex,-1.1,0.25,-14.1,
AddVertex,-1.1,1,-14.1,
AddVertex,-1.1,1,-4.9,
AddVertex,-1.1,0.25,-4.9,
AddFace,0,1,2,3
AddFace,4,7,6,5
AddFace,4,5,1,0
AddFace,3,2,6,7
GenerateNormals,,,

LoadTexture,M2-under.bmp,,
SetTextureCoordinates,0,0.998,0.99
SetTextureCoordinates,1,0.998,0.03
SetTextureCoordinates,2,0.005,0.03
SetTextureCoordinates,3,0.005,0.99
SetTextureCoordinates,4,0.998,0.99
SetTextureCoordinates,5,0.998,0.03
SetTextureCoordinates,6,0.005,0.03
SetTextureCoordinates,7,0.005,0.99


CreateMeshBuilder,,;//床下機器,
Cube,0.75,0.15,0.7
SetColor,22,19,10
Translate,0,0.9,-18.799
GenerateNormals,,,


CreateMeshBuilder,,;//床下機器,
Cube,0.75,0.15,0.7
SetColor,22,19,10
Translate,0,0.9,-0.701
GenerateNormals,,,

;------パンタグラフ------,,,
CreateMeshBuilder,,;//ベース,
Cube,0.05,0.05,0.6
SetColor,130,130,130
Translate             ,0.55,3.82,-16.6
GenerateNormals,,,


CreateMeshBuilder,,;//ベース,
Cube,0.05,0.05,0.6
SetColor,130,130,130
Translate             ,-0.55,3.82,-16.6
GenerateNormals,,,


CreateMeshBuilder,,;//ベース,
Cube,0.072,0.05,0.4
SetColor,130,130,130
Translate             ,0,3.82,-16.6
GenerateNormals,,,


CreateMeshBuilder,,;//ベース,
Cube,0.5,0.05,0.05,
SetColor,130,130,130,
Translate             ,0,3.82,-16.3,
GenerateNormals,,,,


CreateMeshBuilder,,;//ベース,,
Cube,0.5,0.05,0.05,
SetColor,130,130,130,
Translate             ,0,3.82,-16.9,
GenerateNormals,,,,


CreateMeshBuilder,,;//碍子1,,
Cylinder,6,0.09,0.09,0.35
Translate             ,0.55,3.75,-17.2,
SetColor,200,200,200,
GenerateNormals,,,,


CreateMeshBuilder,,;//碍子2,,
Cylinder,6,0.09,0.09,0.35
Translate             ,-0.55,3.75,-17.2,
SetColor,200,200,200,
GenerateNormals,,,,


CreateMeshBuilder,,;//碍子3,,
Cylinder,6,0.09,0.09,0.35
Translate             ,0.55,3.75,-16,
SetColor,200,200,200,
GenerateNormals,,,,


CreateMeshBuilder,,;//碍子4,,
Cylinder,6,0.09,0.09,0.35
Translate             ,-0.55,3.75,-16,
SetColor,200,200,200,
GenerateNormals,,,,


CreateMeshBuilder,,;//アーム取付部,,
Cylinder,6,0.05,0.05,1.2
SetColor,140,140,140,
Rotate,0,0,1,90
Translate             ,0,3.88,-16.95,


CreateMeshBuilder,,;//アーム取付部,,
Cylinder,6,0.05,0.05,1.2
SetColor,140,140,140,
Rotate,0,0,1,90
Translate             ,0,3.88,-16.25,

CreateMeshBuilder,,;//左側アーム,,
Cylinder,4,0.025,0.025,1
SetColor,120,120,120,
Rotate,1,0,0,60
Translate             ,0.44,4.1,-15.8,


CreateMeshBuilder,,;//左側アーム,,
Cylinder,4,0.025,0.025,1.4
SetColor,120,120,120,
Rotate,1,0,0,117
Translate             ,0.44,4.68,-16,


CreateMeshBuilder,,;//左側アーム,,
Cylinder,4,0.025,0.025,1
SetColor,120,120,120,
Rotate,1,0,0,117
Translate             ,0.44,4.1,-17.4,


CreateMeshBuilder,,;//左側アーム,,
Cylinder,4,0.025,0.025,1.4
SetColor,120,120,120,
Rotate,1,0,0,62
Translate             ,0.44,4.68,-17.2,


CreateMeshBuilder,,;//右側アーム,,
Cylinder,4,0.025,0.025,1
SetColor,120,120,120,
Rotate,1,0,0,60
Translate             ,-0.44,4.1,-15.8,


CreateMeshBuilder,,;//右側アーム,,
Cylinder,4,0.025,0.025,1.4
SetColor,120,120,120,
Rotate,1,0,0,117
Translate             ,-0.44,4.68,-16,


CreateMeshBuilder,,;//右側アーム,,
Cylinder,4,0.025,0.025,1
SetColor,120,120,120,
Rotate,1,0,0,117
Translate             ,-0.44,4.1,-17.4,


CreateMeshBuilder,,;//右側アーム,,
Cylinder,4,0.025,0.025,1.4
SetColor,120,120,120,
Rotate,1,0,0,62
Translate             ,-0.44,4.68,-17.2,


CreateMeshBuilder,,;//アーム斜め棒,,
Cylinder,4,0.025,0.025,1.6
SetColor,120,120,120,
Rotate,1,0,0.73,65.5
Translate             ,0,4.68,-17.2,


CreateMeshBuilder,,;//アーム斜め棒,,
Cylinder,4,0.025,0.025,1.6
SetColor,120,120,120,
Rotate,1,0,0.7,112
Translate             ,0,4.7,-16.05,


CreateMeshBuilder,,;//アーム斜め棒,,
Cylinder,4,0.025,0.025,1.15
SetColor,120,120,120,
Rotate,-1,0,-0.5,65
Translate             ,0.22,4.07,-17.35,


CreateMeshBuilder,,;//アーム斜め棒,,
Cylinder,4,0.025,0.025,1.15
SetColor,120,120,120,
Rotate,-1,0,0.5,65
Translate             ,-0.22,4.07,-17.35,


CreateMeshBuilder,,;//アーム斜め棒,,
Cylinder,4,0.025,0.025,1.15
SetColor,120,120,120,
Rotate,-1,0,0.5,116
Translate             ,0.22,4.07,-15.85,


CreateMeshBuilder,,;//アーム斜め棒,,
Cylinder,4,0.025,0.025,1.15
SetColor,120,120,120,
Rotate,-1,0,-0.5,116
Translate             ,-0.22,4.07,-15.85,


CreateMeshBuilder,,;//アーム,,
Cylinder,4,0.02,0.02,0.95
SetColor,140,140,140,
Rotate,0,0,1,90
Translate             ,0,4.35,-17.82,


CreateMeshBuilder,,;//アーム,,
Cylinder,4,0.02,0.02,0.95
SetColor,140,140,140,
Rotate,0,0,1,90
Translate             ,0,4.35,-15.37,


CreateMeshBuilder,,;//アーム,,
Cylinder,4,0.025,0.025,0.95
SetColor,140,140,140,
Rotate,0,0,1,90
Translate             ,0,5.02,-16.6,


CreateMeshBuilder,,;//集電部,,
Cube,0.6,0.03,0.05,
SetColor,90,90,90,
Translate       ,0,5.07,-16.7,
GenerateNormals,,,,


CreateMeshBuilder,,;//集電部,,
Cube,0.6,0.03,0.05,
SetColor,90,90,90,
Translate       ,0,5.07,-16.5,
GenerateNormals,,,,


CreateMeshBuilder,,;//集電部,,
Cylinder,4,0.02,0.02,1.5
SetColor,140,140,140,
Rotate,0,0,1,90
Translate       ,0,5.07,-16.7,


CreateMeshBuilder,,;//集電部,,
Cylinder,4,0.02,0.02,0.3
SetColor,140,140,140,
Rotate,0,0,1,45
Translate       ,0.85,4.97,-16.7,


CreateMeshBuilder,,;//集電部,,
Cylinder,4,0.02,0.02,0.3
SetColor,140,140,140,
Rotate,0,0,1,315
Translate       ,-0.85,4.97,-16.7,


CreateMeshBuilder,,;//集電部,,
Cylinder,4,0.02,0.02,1.5
SetColor,140,140,140,
Rotate,0,0,1,90
Translate       ,0,5.07,-16.5,


CreateMeshBuilder,,;//集電部,,
Cylinder,4,0.02,0.02,0.3
SetColor,140,140,140,
Rotate,0,0,1,45
Translate       ,0.85,4.97,-16.5,


CreateMeshBuilder,,;//集電部,,
Cylinder,4,0.02,0.02,0.3
SetColor,140,140,140,
Rotate,0,0,1,315
Translate       ,-0.85,4.97,-16.5,


CreateMeshBuilder,,;//底面,
AddVertex    ,-1.4,1,-19.5
AddVertex    ,-1.4,1,0
AddVertex    ,1.4,1,0
AddVertex    ,1.4,1,-19.5,
AddVertex    ,-1.4,1,-19.5,
AddVertex    ,1.4,1,-19.5,
AddFace,0,3,2,1
AddFace,4,5,3,0
SetColor,0,0,0,
GenerateNormals,,,,

;Lantai,,,,
CreateMeshBuilder,,;//底面,,
AddVertex    ,-1.4,1.12,-19.5,
AddVertex    ,-1.4,1.12,0,
AddVertex    ,1.4,1.12,0,
AddVertex    ,1.4,1.12,-19.5,
AddVertex    ,-1.4,1.12,-19.5,
AddVertex    ,1.4,1.12,-19.5,
AddFace,0,1,2,3
AddFace,4,0,3,5
SetColor,172,143,119,

LoadTexture,floor.bmp,floor.bmp
SetTextureCoordinates,0,0,0
SetTextureCoordinates,1,0,1
SetTextureCoordinates,2,1,0
SetTextureCoordinates,3,1,1
SetTextureCoordinates,4,0,0
SetTextureCoordinates,5,1,1
GenerateNormals,,,,

;----- Kaca -----
CreateMeshBuilder,,,,
AddVertex,1.39,1.9,-10.75,
AddVertex,1.39,3.2,-10.75,
AddVertex,1.39,3.2,-8.75,
AddVertex,1.39,1.9,-8.75,
AddFace2,0,1,2,3
SetColor,80,80,160,90
Translate,0,0,0,

CreateMeshBuilder,,,,
AddVertex,-1.39,1.9,-10.75,
AddVertex,-1.39,3.2,-10.75,
AddVertex,-1.39,3.2,-8.75,
AddVertex,-1.39,1.9,-8.75,
AddFace2,3,2,1,0
SetColor,80,80,160,90
Translate,0,0,0,

CreateMeshBuilder,,,,
AddVertex,1.39,1.9,-10.75,
AddVertex,1.39,3.2,-10.75,
AddVertex,1.39,3.2,-8.7,
AddVertex,1.39,1.9,-8.7,
AddFace2,0,1,2,3
SetColor,80,80,160,90
Translate,0,0,4.8,

CreateMeshBuilder,,,,
AddVertex,-1.39,1.9,-10.75,
AddVertex,-1.39,3.2,-10.75,
AddVertex,-1.39,3.2,-8.7,
AddVertex,-1.39,1.9,-8.7,
AddFace2,3,2,1,0
SetColor,80,80,160,90
Translate,0,0,4.8,

CreateMeshBuilder,,,,
AddVertex,1.39,1.9,-10.75,
AddVertex,1.39,3.2,-10.75,
AddVertex,1.39,3.2,-8.7,
AddVertex,1.39,1.9,-8.7,
AddFace2,0,1,2,3
SetColor,80,80,160,90
Translate,0,0,-4.85,

CreateMeshBuilder,,,,
AddVertex,-1.39,1.9,-10.75,
AddVertex,-1.39,3.2,-10.75,
AddVertex,-1.39,3.2,-8.7,
AddVertex,-1.39,1.9,-8.7,
AddFace2,3,2,1,0
SetColor,80,80,160,90
Translate,0,0,-4.85,

CreateMeshBuilder,,,,
AddVertex,1.39,1.9,-10.6,
AddVertex,1.39,3.2,-10.6,
AddVertex,1.39,3.2,-9.5,
AddVertex,1.39,1.9,-9.5,
AddFace2,0,1,2,3
SetColor,80,80,160,90
Translate,0,0,9.45,

CreateMeshBuilder,,,,
AddVertex,-1.39,1.9,-10.75,
AddVertex,-1.39,3.2,-10.75,
AddVertex,-1.39,3.2,-9.5,
AddVertex,-1.39,1.9,-9.5,
AddFace2,3,2,1,0
SetColor,80,80,160,90
Translate,0,0,9.45,

CreateMeshBuilder,,,,
AddVertex,-1.65,1.9,-9.452,
AddVertex,-1.65,2.9,-9.452,
AddVertex,-2.25,2.9,-9.452,
AddVertex,-2.25,1.9,-9.452,
AddFace2,0,1,2,3
SetColor,80,80,160,90
Translate,1,0,9.45,

CreateMeshBuilder,,,,
AddVertex,-1.65,1.9,-9.452,
AddVertex,-1.65,2.9,-9.452,
AddVertex,-2.25,2.9,-9.452,
AddVertex,-2.25,1.9,-9.452,
AddFace2,0,1,2,3
SetColor,80,80,160,90
Translate,2.9,0,9.45,

CreateMeshBuilder,,,,
AddVertex,-1.65,1.9,-9.478,
AddVertex,-1.65,2.9,-9.478,
AddVertex,-2.25,2.9,-9.478,
AddVertex,-2.25,1.9,-9.478,
AddFace2,3,2,1,0
SetColor,80,80,160,90
Translate,2.9,0,-10.02,

CreateMeshBuilder,,,,
AddVertex,-1.65,1.9,-9.478,
AddVertex,-1.65,2.9,-9.478,
AddVertex,-2.25,2.9,-9.478,
AddVertex,-2.25,1.9,-9.478,
AddFace2,3,2,1,0
SetColor,80,80,160,90
Translate,1,0,-10.02,

CreateMeshBuilder,,,,
AddVertex,-1.39,1.9,-10.75,
AddVertex,-1.39,3.2,-10.75,
AddVertex,-1.39,3.2,-9.5,
AddVertex,-1.39,1.9,-9.5,
AddFace2,3,2,1,0
SetColor,80,80,160,90
Translate,0,0,-8.7,

CreateMeshBuilder,,,,
AddVertex,1.39,1.9,-10.75,
AddVertex,1.39,3.2,-10.75,
AddVertex,1.39,3.2,-9.5,
AddVertex,1.39,1.9,-9.5,
AddFace2,0,1,2,3
SetColor,80,80,160,90
Translate,0,0,-8.7,

;------影------,,,,
CreateMeshBuilder,,;//影,,
AddVertex,-1.4,-0.1,-19.75,
AddVertex,-1.4,-0.1,0.25,
AddVertex,1.4,-0.1,0.25,
AddVertex,1.4,-0.1,-19.75,
AddFace,0,1,2,3
SetColor,0,0,0,150
GenerateNormals,,,,

;//Nomor gerbong - kiri
CreateMeshBuilder,,;//右側面車番,,
AddVertex,-1.41,2.64,-6.7,
AddVertex,-1.41,2.8,-6.7,
AddVertex,-1.41,2.8,-6.15,
AddVertex,-1.41,2.64,-6.15,
AddFace2,0,3,2,1
Translate,0,0,2.86,
GenerateNormals,,,,

LoadTexture,num.bmp,,,
SetTextureCoordinates,0,1,0.245,
SetTextureCoordinates,1,1,0.125,
SetTextureCoordinates,2,0,0.125,
SetTextureCoordinates,3,0,0.245,

;//Nomor gerbong - kanan
CreateMeshBuilder,,;//左側面車番,,
AddVertex,1.41,2.64,-6.7,
AddVertex,1.41,2.8,-6.7,
AddVertex,1.41,2.8,-6.15,
AddVertex,1.41,2.64,-6.15,
AddFace2,0,1,2,3
Translate,0,0,-9.52
GenerateNormals,,,,

LoadTexture,num.bmp,,,
SetTextureCoordinates,0,0,0.245,
SetTextureCoordinates,1,0,0.125,
SetTextureCoordinates,2,1,0.125,
SetTextureCoordinates,3,1,0.245,

;---- Urutan gerbong ----

;//Nomor gerbong - kiri
CreateMeshBuilder,,;//右側面車番,,
AddVertex,-1.41,2.64,-6.3,
AddVertex,-1.41,2.8,-6.3,
AddVertex,-1.41,2.8,-6.15,
AddVertex,-1.41,2.64,-6.15,
AddFace2,0,3,2,1
Translate,0,0,4.77,
GenerateNormals,,,,

LoadTexture,carnum.bmp,,,
SetTextureCoordinates,0,1,0.245,
SetTextureCoordinates,1,1,0.125,
SetTextureCoordinates,2,0,0.125,
SetTextureCoordinates,3,0,0.245,

;//Nomor gerbong - kanan
CreateMeshBuilder,,;//左側面車番,,
AddVertex,1.41,2.64,-6.3,
AddVertex,1.41,2.8,-6.3,
AddVertex,1.41,2.8,-6.15,
AddVertex,1.41,2.64,-6.15,
AddFace2,0,1,2,3
Translate,0,0,-11.83
GenerateNormals,,,,

LoadTexture,carnum.bmp,,,
SetTextureCoordinates,0,0,0.245,
SetTextureCoordinates,1,0,0.125,
SetTextureCoordinates,2,1,0.125,
SetTextureCoordinates,3,1,0.245,

CreateMeshBuilder,,;//atap interior,,
AddVertex,-1.32,3.45,-19.5,
AddVertex,-1.32,3.45,0,
AddVertex,1.32,3.45,0,
AddVertex,1.32,3.45,-19.5,
AddFace2,0,1,2,3
SetColor,255,255,255
GenerateNormals

LoadTexture,ceiling2.bmp,ceiling2.bmp
SetTextureCoordinates,0,0,1
SetTextureCoordinates,1,1,1
SetTextureCoordinates,2,1,0
SetTextureCoordinates,3,0,0

; 3. Nomor gerbong & rangkaian
CreateMeshBuilder,,;//右側面車番,,
AddVertex,-1.1,3.15,-19.493
AddVertex,-1.1,3.25,-19.493
AddVertex,-0.8,3.25,-19.493
AddVertex,-0.8,3.15,-19.493
AddFace2,0,1,2,3
GenerateNormals,,,,

LoadTexture,num.bmp,num.bmp,,
SetTextureCoordinates,0,1,0.245,
SetTextureCoordinates,1,1,0.125,
SetTextureCoordinates,2,0,0.125,
SetTextureCoordinates,3,0,0.245,

CreateMeshBuilder,,;//右側面車番,,
AddVertex,-0.69,3.3,-19.493
AddVertex,-0.69,3.4,-19.493
AddVertex,-0.59,3.4,-19.493
AddVertex,-0.59,3.3,-19.493
AddFace2,0,1,2,3
GenerateNormals,,,,

LoadTexture,carnum.bmp,carnum.bmp,,
SetTextureCoordinates,0,1,0.245,
SetTextureCoordinates,1,1,0.125,
SetTextureCoordinates,2,0,0.125,
SetTextureCoordinates,3,0,0.245,

;Belakang
CreateMeshBuilder,,;//右側面車番,,
AddVertex,1.1,3.15,-0.007
AddVertex,1.1,3.25,-0.007
AddVertex,0.8,3.25,-0.007
AddVertex,0.8,3.15,-0.007
AddFace2,0,3,2,1
GenerateNormals,,,,

LoadTexture,num.bmp,num.bmp,,
SetTextureCoordinates,0,1,0.245,
SetTextureCoordinates,1,1,0.125,
SetTextureCoordinates,2,0,0.125,
SetTextureCoordinates,3,0,0.245,

CreateMeshBuilder,,;//右側面車番,,
AddVertex,0.69,3.3,-0.007
AddVertex,0.69,3.4,-0.007
AddVertex,0.59,3.4,-0.007
AddVertex,0.59,3.3,-0.007
AddFace2,0,3,2,1
GenerateNormals,,,,

LoadTexture,carnum.bmp,carnum.bmp,,
SetTextureCoordinates,0,1,0.245,
SetTextureCoordinates,1,1,0.125,
SetTextureCoordinates,2,0,0.125,
SetTextureCoordinates,3,0,0.245,

;pegangan,,,,
CreateMeshBuilder,,;//左側面,,
AddVertex,0.7,1.1,-19.5,
AddVertex,0.7,3.45,-19.5,
AddVertex,0.7,3.45,0,
AddVertex,0.7,1.1,0,
AddFace2,3,2,1,0
GenerateNormals,,,,
,,,,
LoadTexture,pegangan3.bmp,pegangan3.bmp,,,
SetTextureCoordinates,0,0.001,1,
SetTextureCoordinates,1,0.001,0.01,
SetTextureCoordinates,2,1,0.01,
SetTextureCoordinates,3,1,1,
SetDecalTransparentColor,0,0,0,
,,,,
CreateMeshBuilder,,;//左側面,,
AddVertex,-0.7,1.1,-19.5,
AddVertex,-0.7,3.45,-19.5,
AddVertex,-0.7,3.45,0,
AddVertex,-0.7,1.1,0,
AddFace2,3,2,1,0
GenerateNormals,,,,
,,,,
LoadTexture,pegangan3.bmp,pegangan3.bmp,,,
SetTextureCoordinates,0,0.001,1,
SetTextureCoordinates,1,0.001,0.01,
SetTextureCoordinates,2,1,0.01,
SetTextureCoordinates,3,1,1,
SetDecalTransparentColor,0,0,0,
,,,,
,,,,
,,,,
CreateMeshBuilder,,,,
addVertex,-1.39,3.1,0,
addVertex,-1.39,3.1,-19.5,
addVertex,1.39,3.1,-19.5,
addVertex,1.39,3.1,0,
addFace2,0,1,2,3
,,,,
LoadTexture,rak4.png,rak4.png,,
SetTextureCoordinates,0,0,1,
SetTextureCoordinates,1,0,0,
SetTextureCoordinates,2,-1,0,
SetTextureCoordinates,3,-1,1,
SetDecalTransparentColor,0,0,0,

;Pegangan
,;////////////////////////////////////////
,;/tenjoboL
,;////////////////////////////////////////
;/tenjo_cylinder_L_dooron_b0
CreateMeshbuilder
Addvertex,-0.685,3.29,-19.5
Addvertex,-0.715,3.31,-19.5
Addvertex,-0.715,3.31,-17.47
Addvertex,-0.685,3.29,-17.47
AddFace2,0,1,2,3
GenerateNormals
LoadTexture,bluster.bmp,bluster.bmp,,
SetTextureCoordinates,0,1,1,
SetTextureCoordinates,1,1,0,
SetTextureCoordinates,2,0,0,
SetTextureCoordinates,3,0,1
SetDecalTransparentColor,0,0,0,


CreateMeshbuilder
Addvertex,-0.685,3.31,-19.5
Addvertex,-0.715,3.29,-19.5
Addvertex,-0.715,3.29,-17.47
Addvertex,-0.685,3.31,-17.47
AddFace2,0,1,2,3
GenerateNormals
LoadTexture,bluster.bmp,bluster.bmp,,
SetTextureCoordinates,0,1,1,
SetTextureCoordinates,1,1,0,
SetTextureCoordinates,2,0,0,
SetTextureCoordinates,3,0,1
SetDecalTransparentColor,0,0,0,


;/tenjo_cylinder_L_dooron_b
CreateMeshbuilder
Addvertex,-0.685,3.29,-17.47
Addvertex,-0.715,3.31,-17.47
Addvertex,-0.715,3.31,-16.02
Addvertex,-0.685,3.29,-16.02
AddFace2,0,1,2,3
GenerateNormals
LoadTexture,bluster.bmp,bluster.bmp,,
SetTextureCoordinates,0,1,1,
SetTextureCoordinates,1,1,0,
SetTextureCoordinates,2,0,0,
SetTextureCoordinates,3,0,1
SetDecalTransparentColor,0,0,0,


CreateMeshbuilder
Addvertex,-0.685,3.31,-17.47
Addvertex,-0.715,3.29,-17.47
Addvertex,-0.715,3.29,-16.02
Addvertex,-0.685,3.31,-16.02
AddFace2,0,1,2,3
GenerateNormals
LoadTexture,bluster.bmp,bluster.bmp,,
SetTextureCoordinates,0,1,1,
SetTextureCoordinates,1,1,0,
SetTextureCoordinates,2,0,0,
SetTextureCoordinates,3,0,1
SetDecalTransparentColor,0,0,0,


;/tenjo_cylinder_L_dooron_b1
CreateMeshbuilder
Addvertex,-0.685,3.29,-16.02
Addvertex,-0.715,3.31,-16.02
Addvertex,-0.715,3.31,-12.80
Addvertex,-0.685,3.29,-12.80
AddFace2,0,1,2,3
GenerateNormals
LoadTexture,bluster.bmp,bluster.bmp,,
SetTextureCoordinates,0,1,1,
SetTextureCoordinates,1,1,0,
SetTextureCoordinates,2,0,0,
SetTextureCoordinates,3,0,1
SetDecalTransparentColor,0,0,0,


CreateMeshbuilder
Addvertex,-0.685,3.31,-16.02
Addvertex,-0.715,3.29,-16.02
Addvertex,-0.715,3.29,-12.80
Addvertex,-0.685,3.31,-12.80
AddFace2,0,1,2,3
GenerateNormals
LoadTexture,bluster.bmp,bluster.bmp,,
SetTextureCoordinates,0,1,1,
SetTextureCoordinates,1,1,0,
SetTextureCoordinates,2,0,0,
SetTextureCoordinates,3,0,1
SetDecalTransparentColor,0,0,0,


;/tenjo_cylinder_L_dooron_c
CreateMeshbuilder
Addvertex,-0.685,3.29,-12.80
Addvertex,-0.715,3.31,-12.80
Addvertex,-0.715,3.31,-11.35
Addvertex,-0.685,3.29,-11.35
AddFace2,0,1,2,3
GenerateNormals
LoadTexture,bluster.bmp,bluster.bmp,,
SetTextureCoordinates,0,1,1,
SetTextureCoordinates,1,1,0,
SetTextureCoordinates,2,0,0,
SetTextureCoordinates,3,0,1
SetDecalTransparentColor,0,0,0,


CreateMeshbuilder
Addvertex,-0.685,3.31,-12.80
Addvertex,-0.715,3.29,-12.80
Addvertex,-0.715,3.29,-11.35
Addvertex,-0.685,3.31,-11.35
AddFace2,0,1,2,3
GenerateNormals
LoadTexture,bluster.bmp,bluster.bmp,,
SetTextureCoordinates,0,1,1,
SetTextureCoordinates,1,1,0,
SetTextureCoordinates,2,0,0,
SetTextureCoordinates,3,0,1
SetDecalTransparentColor,0,0,0,

;/tenjo_cylinder_L_dooron_c0
CreateMeshbuilder
Addvertex,-0.685,3.29,-11.35
Addvertex,-0.715,3.31,-11.35
Addvertex,-0.715,3.31,-8.15
Addvertex,-0.685,3.29,-8.15
AddFace2,0,1,2,3
GenerateNormals
LoadTexture,bluster.bmp,bluster.bmp,,
SetTextureCoordinates,0,1,1,
SetTextureCoordinates,1,1,0,
SetTextureCoordinates,2,0,0,
SetTextureCoordinates,3,0,1
SetDecalTransparentColor,0,0,0,


CreateMeshbuilder
Addvertex,-0.685,3.31,-11.35
Addvertex,-0.715,3.29,-11.35
Addvertex,-0.715,3.29,-8.15
Addvertex,-0.685,3.31,-8.15
AddFace2,0,1,2,3
GenerateNormals
LoadTexture,bluster.bmp,bluster.bmp,,
SetTextureCoordinates,0,1,1,
SetTextureCoordinates,1,1,0,
SetTextureCoordinates,2,0,0,
SetTextureCoordinates,3,0,1
SetDecalTransparentColor,0,0,0,


;/tenjo_cylinder_L_dooron_f
CreateMeshbuilder
Addvertex,-0.685,3.29,-8.15
Addvertex,-0.715,3.31,-8.15
Addvertex,-0.715,3.31,-6.7
Addvertex,-0.685,3.29,-6.7
AddFace2,0,1,2,3
GenerateNormals
LoadTexture,bluster.bmp,bluster.bmp,,
SetTextureCoordinates,0,1,1,
SetTextureCoordinates,1,1,0,
SetTextureCoordinates,2,0,0,
SetTextureCoordinates,3,0,1
SetDecalTransparentColor,0,0,0,

CreateMeshbuilder
Addvertex,-0.685,3.31,-8.15
Addvertex,-0.715,3.29,-8.15
Addvertex,-0.715,3.29,-6.7
Addvertex,-0.685,3.31,-6.7
AddFace2,0,1,2,3
GenerateNormals
LoadTexture,bluster.bmp,bluster.bmp,,
SetTextureCoordinates,0,1,1,
SetTextureCoordinates,1,1,0,
SetTextureCoordinates,2,0,0,
SetTextureCoordinates,3,0,1
SetDecalTransparentColor,0,0,0,

;/tenjo_cylinder_L_dooron_c0
CreateMeshbuilder
Addvertex,-0.685,3.29,-6.7
Addvertex,-0.715,3.31,-6.7
Addvertex,-0.715,3.31,-3.5
Addvertex,-0.685,3.29,-3.5
AddFace2,0,1,2,3
GenerateNormals
LoadTexture,bluster.bmp,bluster.bmp,,
SetTextureCoordinates,0,1,1,
SetTextureCoordinates,1,1,0,
SetTextureCoordinates,2,0,0,
SetTextureCoordinates,3,0,1
SetDecalTransparentColor,0,0,0,


CreateMeshbuilder
Addvertex,-0.685,3.31,-6.7
Addvertex,-0.715,3.29,-6.7
Addvertex,-0.715,3.29,-3.5
Addvertex,-0.685,3.31,-3.5
AddFace2,0,1,2,3
GenerateNormals
LoadTexture,bluster.bmp,bluster.bmp,,
SetTextureCoordinates,0,1,1,
SetTextureCoordinates,1,1,0,
SetTextureCoordinates,2,0,0,
SetTextureCoordinates,3,0,1
SetDecalTransparentColor,0,0,0,


;/tenjo_cylinder_L_dooron_f
CreateMeshbuilder
Addvertex,-0.685,3.29,-3.5
Addvertex,-0.715,3.31,-3.5
Addvertex,-0.715,3.31,-2.05
Addvertex,-0.685,3.29,-2.05
AddFace2,0,1,2,3
GenerateNormals
LoadTexture,bluster.bmp,bluster.bmp,,
SetTextureCoordinates,0,1,1,
SetTextureCoordinates,1,1,0,
SetTextureCoordinates,2,0,0,
SetTextureCoordinates,3,0,1
SetDecalTransparentColor,0,0,0,

CreateMeshbuilder
Addvertex,-0.685,3.31,-3.5
Addvertex,-0.715,3.29,-3.5
Addvertex,-0.715,3.29,-2.05
Addvertex,-0.685,3.31,-2.05
AddFace2,0,1,2,3
GenerateNormals
LoadTexture,bluster.bmp,bluster.bmp,,
SetTextureCoordinates,0,1,1,
SetTextureCoordinates,1,1,0,
SetTextureCoordinates,2,0,0,
SetTextureCoordinates,3,0,1
SetDecalTransparentColor,0,0,0,


;/tenjo_cylinder_L_dooron_f0
CreateMeshbuilder
Addvertex,-0.685,3.29,-2.05
Addvertex,-0.715,3.31,-2.05
Addvertex,-0.715,3.31,0
Addvertex,-0.685,3.29,0
AddFace2,0,1,2,3
GenerateNormals
LoadTexture,bluster.bmp,bluster.bmp,,
SetTextureCoordinates,0,1,1,
SetTextureCoordinates,1,1,0,
SetTextureCoordinates,2,0,0,
SetTextureCoordinates,3,0,1
SetDecalTransparentColor,0,0,0,


CreateMeshbuilder
Addvertex,-0.685,3.31,-2.05
Addvertex,-0.715,3.29,-2.05
Addvertex,-0.715,3.29,0
Addvertex,-0.685,3.31,0
AddFace2,0,1,2,3
GenerateNormals
LoadTexture,bluster.bmp,bluster.bmp,,
SetTextureCoordinates,0,1,1,
SetTextureCoordinates,1,1,0,
SetTextureCoordinates,2,0,0,
SetTextureCoordinates,3,0,1
SetDecalTransparentColor,0,0,0,





,;////////////////////////////////////////
,;/tenjoboR
,;////////////////////////////////////////
;/tenjo_cylinder_R_dooron_b0
CreateMeshbuilder
Addvertex,0.685,3.29,-19.5
Addvertex,0.715,3.31,-19.5
Addvertex,0.715,3.31,-17.47
Addvertex,0.685,3.29,-17.47
AddFace2,0,1,2,3
GenerateNormals
LoadTexture,bluster.bmp,bluster.bmp,,
SetTextureCoordinates,0,1,1,
SetTextureCoordinates,1,1,0,
SetTextureCoordinates,2,0,0,
SetTextureCoordinates,3,0,1
SetDecalTransparentColor,0,0,0,


CreateMeshbuilder
Addvertex,0.685,3.31,-19.5
Addvertex,0.715,3.29,-19.5
Addvertex,0.715,3.29,-17.47
Addvertex,0.685,3.31,-17.47
AddFace2,0,1,2,3
GenerateNormals
LoadTexture,bluster.bmp,bluster.bmp,,
SetTextureCoordinates,0,1,1,
SetTextureCoordinates,1,1,0,
SetTextureCoordinates,2,0,0,
SetTextureCoordinates,3,0,1
SetDecalTransparentColor,0,0,0,


;/tenjo_cylinder_R_dooron_b
CreateMeshbuilder
Addvertex,0.685,3.29,-17.47
Addvertex,0.715,3.31,-17.47
Addvertex,0.715,3.31,-16.02
Addvertex,0.685,3.29,-16.02
AddFace2,0,1,2,3
GenerateNormals
LoadTexture,bluster.bmp,bluster.bmp,,
SetTextureCoordinates,0,1,1,
SetTextureCoordinates,1,1,0,
SetTextureCoordinates,2,0,0,
SetTextureCoordinates,3,0,1
SetDecalTransparentColor,0,0,0,


CreateMeshbuilder
Addvertex,0.685,3.31,-17.47
Addvertex,0.715,3.29,-17.47
Addvertex,0.715,3.29,-16.02
Addvertex,0.685,3.31,-16.02
AddFace2,0,1,2,3
GenerateNormals
LoadTexture,bluster.bmp,bluster.bmp,,
SetTextureCoordinates,0,1,1,
SetTextureCoordinates,1,1,0,
SetTextureCoordinates,2,0,0,
SetTextureCoordinates,3,0,1
SetDecalTransparentColor,0,0,0,


;/tenjo_cylinder_R_dooron_b1
CreateMeshbuilder
Addvertex,0.685,3.29,-16.02
Addvertex,0.715,3.31,-16.02
Addvertex,0.715,3.31,-12.8
Addvertex,0.685,3.29,-12.8
AddFace2,0,1,2,3
GenerateNormals
LoadTexture,bluster.bmp,bluster.bmp,,
SetTextureCoordinates,0,1,1,
SetTextureCoordinates,1,1,0,
SetTextureCoordinates,2,0,0,
SetTextureCoordinates,3,0,1
SetDecalTransparentColor,0,0,0,


CreateMeshbuilder
Addvertex,0.685,3.31,-16.02
Addvertex,0.715,3.29,-16.02
Addvertex,0.715,3.29,-12.8
Addvertex,0.685,3.31,-12.8
AddFace2,0,1,2,3
GenerateNormals
LoadTexture,bluster.bmp,bluster.bmp,,
SetTextureCoordinates,0,1,1,
SetTextureCoordinates,1,1,0,
SetTextureCoordinates,2,0,0,
SetTextureCoordinates,3,0,1
SetDecalTransparentColor,0,0,0,


;/tenjo_cylinder_R_dooron_c
CreateMeshbuilder
Addvertex,0.685,3.29,-12.80
Addvertex,0.715,3.31,-12.80
Addvertex,0.715,3.31,-11.35
Addvertex,0.685,3.29,-11.35
AddFace2,0,1,2,3
GenerateNormals
LoadTexture,bluster.bmp,bluster.bmp,,
SetTextureCoordinates,0,1,1,
SetTextureCoordinates,1,1,0,
SetTextureCoordinates,2,0,0,
SetTextureCoordinates,3,0,1
SetDecalTransparentColor,0,0,0,


CreateMeshbuilder
Addvertex,0.685,3.31,-12.80
Addvertex,0.715,3.29,-12.80
Addvertex,0.715,3.29,-11.35
Addvertex,0.685,3.31,-11.35
AddFace2,0,1,2,3
GenerateNormals
LoadTexture,bluster.bmp,bluster.bmp,,
SetTextureCoordinates,0,1,1,
SetTextureCoordinates,1,1,0,
SetTextureCoordinates,2,0,0,
SetTextureCoordinates,3,0,1
SetDecalTransparentColor,0,0,0,

;/tenjo_cylinder_R_dooron_c0
CreateMeshbuilder
Addvertex,0.685,3.29,-11.35
Addvertex,0.715,3.31,-11.35
Addvertex,0.715,3.31,-8.15
Addvertex,0.685,3.29,-8.15
AddFace2,0,1,2,3
GenerateNormals
LoadTexture,bluster.bmp,bluster.bmp,,
SetTextureCoordinates,0,1,1,
SetTextureCoordinates,1,1,0,
SetTextureCoordinates,2,0,0,
SetTextureCoordinates,3,0,1
SetDecalTransparentColor,0,0,0,


CreateMeshbuilder
Addvertex,0.685,3.31,-11.35
Addvertex,0.715,3.29,-11.35
Addvertex,0.715,3.29,-8.15
Addvertex,0.685,3.31,-8.15
AddFace2,0,1,2,3
GenerateNormals
LoadTexture,bluster.bmp,bluster.bmp,,
SetTextureCoordinates,0,1,1,
SetTextureCoordinates,1,1,0,
SetTextureCoordinates,2,0,0,
SetTextureCoordinates,3,0,1
SetDecalTransparentColor,0,0,0,

;/tenjo_cylinder_R_dooron_b
CreateMeshbuilder
Addvertex,0.685,3.29,-8.15
Addvertex,0.715,3.31,-8.15
Addvertex,0.715,3.31,-6.7
Addvertex,0.685,3.29,-6.7
AddFace2,0,1,2,3
GenerateNormals
LoadTexture,bluster.bmp,bluster.bmp,,
SetTextureCoordinates,0,1,1,
SetTextureCoordinates,1,1,0,
SetTextureCoordinates,2,0,0,
SetTextureCoordinates,3,0,1
SetDecalTransparentColor,0,0,0,


CreateMeshbuilder
Addvertex,0.685,3.31,-8.15
Addvertex,0.715,3.29,-8.15
Addvertex,0.715,3.29,-6.7
Addvertex,0.685,3.31,-6.7
AddFace2,0,1,2,3
GenerateNormals
LoadTexture,bluster.bmp,bluster.bmp,,
SetTextureCoordinates,0,1,1,
SetTextureCoordinates,1,1,0,
SetTextureCoordinates,2,0,0,
SetTextureCoordinates,3,0,1
SetDecalTransparentColor,0,0,0,

;/tenjo_cylinder_R_dooron_c0
CreateMeshbuilder
Addvertex,0.685,3.29,-6.7
Addvertex,0.715,3.31,-6.7
Addvertex,0.715,3.31,-3.5
Addvertex,0.685,3.29,-3.5
AddFace2,0,1,2,3
GenerateNormals
LoadTexture,bluster.bmp,bluster.bmp,,
SetTextureCoordinates,0,1,1,
SetTextureCoordinates,1,1,0,
SetTextureCoordinates,2,0,0,
SetTextureCoordinates,3,0,1
SetDecalTransparentColor,0,0,0,


CreateMeshbuilder
Addvertex,0.685,3.31,-6.7
Addvertex,0.715,3.29,-6.7
Addvertex,0.715,3.29,-3.5
Addvertex,0.685,3.31,-3.5
AddFace2,0,1,2,3
GenerateNormals
LoadTexture,bluster.bmp,bluster.bmp,,
SetTextureCoordinates,0,1,1,
SetTextureCoordinates,1,1,0,
SetTextureCoordinates,2,0,0,
SetTextureCoordinates,3,0,1
SetDecalTransparentColor,0,0,0,


;/tenjo_cylinder_R_dooron_f
CreateMeshbuilder
Addvertex,0.685,3.29,-3.5
Addvertex,0.715,3.31,-3.5
Addvertex,0.715,3.31,-2.05
Addvertex,0.685,3.29,-2.05
AddFace2,0,1,2,3
GenerateNormals
LoadTexture,bluster.bmp,bluster.bmp,,
SetTextureCoordinates,0,1,1,
SetTextureCoordinates,1,1,0,
SetTextureCoordinates,2,0,0,
SetTextureCoordinates,3,0,1
SetDecalTransparentColor,0,0,0,

CreateMeshbuilder
Addvertex,0.685,3.31,-3.5
Addvertex,0.715,3.29,-3.5
Addvertex,0.715,3.29,-2.05
Addvertex,0.685,3.31,-2.05
AddFace2,0,1,2,3
GenerateNormals
LoadTexture,bluster.bmp,bluster.bmp,,
SetTextureCoordinates,0,1,1,
SetTextureCoordinates,1,1,0,
SetTextureCoordinates,2,0,0,
SetTextureCoordinates,3,0,1
SetDecalTransparentColor,0,0,0,


;/tenjo_cylinder_R_dooron_f0
CreateMeshbuilder
Addvertex,0.685,3.29,-2.05
Addvertex,0.715,3.31,-2.05
Addvertex,0.715,3.31,0
Addvertex,0.685,3.29,0
AddFace2,0,1,2,3
GenerateNormals
LoadTexture,bluster.bmp,bluster.bmp,,
SetTextureCoordinates,0,1,1,
SetTextureCoordinates,1,1,0,
SetTextureCoordinates,2,0,0,
SetTextureCoordinates,3,0,1
SetDecalTransparentColor,0,0,0,


CreateMeshbuilder
Addvertex,0.685,3.31,-2.05
Addvertex,0.715,3.29,-2.05
Addvertex,0.715,3.29,0
Addvertex,0.685,3.31,0
AddFace2,0,1,2,3
GenerateNormals
LoadTexture,bluster.bmp,bluster.bmp,,
SetTextureCoordinates,0,1,1,
SetTextureCoordinates,1,1,0,
SetTextureCoordinates,2,0,0,
SetTextureCoordinates,3,0,1
SetDecalTransparentColor,0,0,0,

;Toilet
CreateMeshBuilder
AddVertex,1.35,1.12,-19.47
AddVertex,1.35,3.45,-19.47
AddVertex,0.57,3.45,-19.47
AddVertex,0.57,1.12,-19.47
AddFace2,0,1,2,3
SetColor,255,255,221
GenerateNormals
SetEmissiveColor,255,255,255

CreateMeshBuilder
AddVertex,1.35,1.12,-17.82
AddVertex,1.35,3.45,-17.82
AddVertex,0.57,3.45,-17.82
AddVertex,0.57,1.12,-17.82
AddFace2,0,1,2,3
GenerateNormals

LoadTexture,toire-1.bmp
SetTextureCoordinates,0,1,1,
SetTextureCoordinates,1,1,0,
SetTextureCoordinates,2,0,0,
SetTextureCoordinates,3,0,1
SetEmissiveColor,255,255,255

CreateMeshBuilder
AddVertex,0.57,1.12,-19.495
AddVertex,0.57,3.45,-19.495
AddVertex,0.57,3.45,-17.82
AddVertex,0.57,1.12,-17.82
AddFace2,0,1,2,3
GenerateNormals

LoadTexture,toire-2.bmp
SetTextureCoordinates,0,1,1,
SetTextureCoordinates,1,1,0,
SetTextureCoordinates,2,0,0,
SetTextureCoordinates,3,0,1
SetEmissiveColor,255,255,255


;------openBVE用------,,,,
;TranslateAll,0,0,9.75,
;openBVEの運転車両用として使う場合は上記;TranslateAllの;を消去してください。,,,,

translateall,0,0,9.8,
rotateall,0,1,0,180
