;//ÇiÇqìåì˙ñ{ÇQÇOÇPåníÜâõê¸ÅiÉÇÉnÇQÇOÇPÅj,,,,,,,
;------É{ÉfÉB------,,,,,,,
,,,,,,,
CreateMeshBuilder,,;//òAåãñy,,,,,
AddVertex     ,-0.38,3.2,0.5,,,,
AddVertex     ,-0.38,3.2,0,,,,
AddVertex     ,0.38,3.2,0,,,,
AddVertex     ,0.38,3.2,0.5,,,,
AddVertex     ,0.45,3.13,0,,,,
AddVertex     ,0.45,3.13,0.5,,,,
AddVertex     ,0.45,1.19,0,,,,
AddVertex     ,0.45,1.19,0.5,,,,
AddVertex     ,0.38,1.12,0,,,,
AddVertex     ,0.38,1.12,0.5,,,,
AddVertex     ,-0.45,3.13,0.5,,,,
AddVertex     ,-0.45,3.13,0,,,,
AddVertex     ,-0.45,1.19,0,,,,
AddVertex     ,-0.45,1.19,0.5,,,,
AddVertex     ,-0.38,1.12,0,,,,
AddVertex     ,-0.38,1.12,0.5,,,,
AddFace2,0,1,2,3,,,
AddFace2,4,2,3,5,,,
AddFace2,6,4,5,7,,,
AddFace2,8,6,7,9,,,
AddFace2,1,11,10,0,,,
AddFace2,11,12,13,10,,,
AddFace2,12,14,15,13,,,
AddFace2,8,14,15,9,,,
GenerateNormals,,,,,,,
,,,,,,,
LoadTexture,horo.bmp,,,,,,
SetTextureCoordinates,0,1,0,,,,
SetTextureCoordinates,1,0,1,,,,
SetTextureCoordinates,2,0,1,,,,
SetTextureCoordinates,3,1,0,,,,
SetTextureCoordinates,4,0,1,,,,
SetTextureCoordinates,5,1,0,,,,
SetTextureCoordinates,6,0,5,,,,
SetTextureCoordinates,7,1,0,,,,
SetTextureCoordinates,8,0,1,,,,
SetTextureCoordinates,9,1,0,,,,
SetTextureCoordinates,10,1,0,,,,
SetTextureCoordinates,11,0,1,,,,
SetTextureCoordinates,12,0,5,,,,
SetTextureCoordinates,13,1,0,,,,
SetTextureCoordinates,14,0,1,,,,
SetTextureCoordinates,15,1,0,,,,
,,,,,,,
,,,,,,,
CreateMeshBuilder,,;//ç∂ë§ñ ,,,,,
AddVertex,1.4,1,-19.5,,,,
AddVertex,1.4,3.35,-19.5,,,,
AddVertex,1.4,3.35,0,,,,
AddVertex,1.4,1,0,,,,
AddFace,0,1,2,3,,,
GenerateNormals,,,,,,,
,,,,,,,
LoadTexture,side2-3.bmp,,,,,,
SetTextureCoordinates,0,-0.002,1,,,,
SetTextureCoordinates,1,-0.002,0,,,,
SetTextureCoordinates,2,1.002,0,,,,
SetTextureCoordinates,3,1.002,1,,,,
setdecaltransparentcolor,0,0,255,,,,
,,,,,,,
CreateMeshBuilder,,;//ç∂ë§ñ ì]óéñhé~ñy,,,,,
AddVertex,1.39,1.27,0,,,,
AddVertex,1.39,2.42,0,,,,
AddVertex,1.39,2.42,0.2,,,,
AddVertex,1.39,1.27,0.2,,,,
AddVertex,1.39,1.27,-19.7,,,,
AddVertex,1.39,2.42,-19.7,,,,
AddVertex,1.39,2.42,-19.5,,,,
AddVertex,1.39,1.27,-19.5,,,,
AddFace2,0,1,2,3,,,
AddFace2,4,5,6,7,,,
GenerateNormals,,,,,,,
,,,,,,,
LoadTexture,horo2.bmp,,,,,,
SetTextureCoordinates,0,0,1,,,,
SetTextureCoordinates,1,0,0,,,,
SetTextureCoordinates,2,1,0,,,,
SetTextureCoordinates,3,1,1,,,,
SetTextureCoordinates,4,1,1,,,,
SetTextureCoordinates,5,1,0,,,,
SetTextureCoordinates,6,0,0,,,,
SetTextureCoordinates,7,0,1,,,,
,,,,,,,
,,,,,,,
CreateMeshBuilder,,;//ç∂ë§ñ ï˚å¸ñã,,,,,
AddVertex,1.405,3.04,-1.11,,,,
AddVertex,1.405,3.27,-1.11,,,,
AddVertex,1.405,3.27,-0.4,,,,
AddVertex,1.405,3.04,-0.4,,,,
AddFace,0,1,2,3,,,
GenerateNormals,,,,,,,
,,,,,,,
LoadTexture,ikisaki.bmp,,,,,,
SetTextureCoordinates,0,0,1,,,,
SetTextureCoordinates,1,0,0,,,,
SetTextureCoordinates,2,1,0,,,,
SetTextureCoordinates,3,1,1,,,,
,,,,,,,
,,,,,,,
CreateMeshBuilder,,;//âEë§ñ ,,,,,
AddVertex,-1.4,1,-19.5,,,,
AddVertex,-1.4,3.35,-19.5,,,,
AddVertex,-1.4,3.35,0,,,,
AddVertex,-1.4,1,0,,,,
AddFace,0,3,2,1,,,
GenerateNormals,,,,,,,
,,,,,,,
LoadTexture,side2-3.bmp,,,,,,
SetTextureCoordinates,0,-0.002,1,,,,
SetTextureCoordinates,1,-0.002,0,,,,
SetTextureCoordinates,2,1.002,0,,,,
SetTextureCoordinates,3,1.002,1,,,,
setdecaltransparentcolor,0,0,255,,,,
,,,,,,,
CreateMeshBuilder,,;//âEë§ñ ì]óéñhé~ñy,,,,,
AddVertex,-1.39,1.27,0,,,,
AddVertex,-1.39,2.42,0,,,,
AddVertex,-1.39,2.42,0.2,,,,
AddVertex,-1.39,1.27,0.2,,,,
AddVertex,-1.39,1.27,-19.7,,,,
AddVertex,-1.39,2.42,-19.7,,,,
AddVertex,-1.39,2.42,-19.5,,,,
AddVertex,-1.39,1.27,-19.5,,,,
AddFace2,0,1,2,3,,,
AddFace2,4,5,6,7,,,
GenerateNormals,,,,,,,
,,,,,,,
LoadTexture,horo2.bmp,,,,,,
SetTextureCoordinates,0,0,1,,,,
SetTextureCoordinates,1,0,0,,,,
SetTextureCoordinates,2,1,0,,,,
SetTextureCoordinates,3,1,1,,,,
SetTextureCoordinates,4,1,1,,,,
SetTextureCoordinates,5,1,0,,,,
SetTextureCoordinates,6,0,0,,,,
SetTextureCoordinates,7,0,1,,,,
,,,,,,,
,,,,,,,
CreateMeshBuilder,,;//âEë§ñ ï˚å¸ñã,,,,,
AddVertex,-1.405,3.04,-18.39,,,,
AddVertex,-1.405,3.27,-18.39,,,,
AddVertex,-1.405,3.27,-19.1,,,,
AddVertex,-1.405,3.04,-19.1,,,,
AddFace,0,1,2,3,,,
GenerateNormals,,,,,,,
,,,,,,,
LoadTexture,ikisaki.bmp,,,,,,
SetTextureCoordinates,0,0,1,,,,
SetTextureCoordinates,1,0,0,,,,
SetTextureCoordinates,2,1,0,,,,
SetTextureCoordinates,3,1,1,,,,
,,,,,,,
,,,,,,,
CreateMeshBuilder,,;//íÍñ ,,,,,
AddVertex     ,-1.4,1,-19.45,,,,
AddVertex     ,-1.4,1,0,,,,
AddVertex     ,1.4,1,0,,,,
AddVertex     ,1.4,1,-19.45,,,,
AddVertex     ,-1.35,1,-19.5,,,,
AddVertex     ,1.35,1,-19.5,,,,
AddFace,0,3,2,1,,,
AddFace,4,5,3,0,,,
SetColor,0,0,0,,,,
GenerateNormals,,,,,,,
,,,,,,,
,,,,,,,
;------âÆç™------,,,,,,,
CreateMeshBuilder,,;//âÆç™,,,,,
AddVertex,-1.4,3.35,-19.5,,,,
AddVertex,-1.4,3.35,0,,,,
AddVertex,-1.37,3.4,-19.5,,,,
AddVertex,-1.37,3.4,0,,,,
AddVertex,-1.3,3.5,-19.5,,,,
AddVertex,-1.3,3.5,0,,,,
AddVertex,-0.9,3.605,-19.5,,,,
AddVertex,-0.9,3.605,0,,,,
AddVertex,0,3.675,-19.5,,,,
AddVertex,0,3.675,0,,,,
AddVertex,0.9,3.605,-19.5,,,,
AddVertex,0.9,3.605,0,,,,
AddVertex,1.3,3.5,-19.5,,,,
AddVertex,1.3,3.5,0,,,,
AddVertex,1.37,3.4,-19.5,,,,
AddVertex,1.37,3.4,0,,,,
AddVertex,1.4,3.35,-19.5,,,,
AddVertex,1.4,3.35,0,,,,
AddFace,0,1,3,2,,,
AddFace,2,3,5,4,,,
AddFace,4,5,7,6,,,
AddFace,6,7,9,8,,,
AddFace,8,9,11,10,,,
AddFace,10,11,13,12,,,
AddFace,12,13,15,14,,,
AddFace,14,15,17,16,,,
GenerateNormals,,,,,,,
,,,,,,,
LoadTexture,yane.bmp,,,,,,
SetTextureCoordinates,0,0,1,,,,
SetTextureCoordinates,1,0,0,,,,
SetTextureCoordinates,2,0.03,1,,,,
SetTextureCoordinates,3,0.03,0,,,,
SetTextureCoordinates,4,0.2,1,,,,
SetTextureCoordinates,5,0.2,0,,,,
SetTextureCoordinates,6,0.35,1,,,,
SetTextureCoordinates,7,0.35,0,,,,
SetTextureCoordinates,8,0.5,1,,,,
SetTextureCoordinates,9,0.5,0,,,,
SetTextureCoordinates,10,0.65,1,,,,
SetTextureCoordinates,11,0.65,0,,,,
SetTextureCoordinates,12,0.8,1,,,,
SetTextureCoordinates,13,0.8,0,,,,
SetTextureCoordinates,14,0.97,1,,,,
SetTextureCoordinates,15,0.97,0,,,,
SetTextureCoordinates,16,1,1,,,,
SetTextureCoordinates,17,1,0,,,,
,,,,,,,
,,,,,,,
CreateMeshBuilder,,;//âÆç™,,,,,
AddVertex,-1.39,3.35,-12.2,,,,
AddVertex,-1.39,3.35,-7.35,,,,
AddVertex,1.39,3.35,-12.2,,,,
AddVertex,1.39,3.35,-7.35,,,,
AddVertex,-1.3,3.55,-12.2,,,,
AddVertex,-1.3,3.55,-7.35,,,,
AddVertex,1.3,3.55,-12.2,,,,
AddVertex,1.3,3.55,-7.35,,,,
AddFace,4,5,7,6,,,
AddFace,2,6,7,3,,,
AddFace,0,1,5,4,,,
AddFace,0,4,6,2,,,
AddFace,1,3,7,5,,,
SetColor,120,120,120,,,,
GenerateNormals,,,,,,,
,,,,,,,
,,,,,,,
;------âÆç™è„ã@äÌ------,,,,,,,
CreateMeshBuilder,,;//ÉNÅ[ÉâÅ[,,,,,
AddVertex,-0.9,3.6,-11.6,,,,
AddVertex,-0.9,3.6,-8,,,,
AddVertex,-0.9,3.77,-11.6,,,,
AddVertex,-0.9,3.77,-8,,,,
AddVertex,-0.5,3.97,-11.6,,,,
AddVertex,-0.5,3.97,-8,,,,
AddVertex,0,4.02,-11.6,,,,
AddVertex,0,4.02,-8,,,,
AddVertex,0.5,3.97,-11.6,,,,
AddVertex,0.5,3.97,-8,,,,
AddVertex,0.9,3.77,-11.6,,,,
AddVertex,0.9,3.77,-8,,,,
AddVertex,0.9,3.6,-11.6,,,,
AddVertex,0.9,3.6,-8,,,,
AddFace,0,1,3,2,,,
AddFace,2,3,5,4,,,
AddFace,4,5,7,6,,,
AddFace,6,7,9,8,,,
AddFace,8,9,11,10,,,
AddFace,10,11,13,12,,,
GenerateNormals,,,,,,,
,,,,,,,
LoadTexture,cooler.bmp,,,,,,
SetTextureCoordinates,0,1,1,,,,
SetTextureCoordinates,1,0,1,,,,
SetTextureCoordinates,2,1,0.935,,,,
SetTextureCoordinates,3,0,0.935,,,,
SetTextureCoordinates,4,1,0.65,,,,
SetTextureCoordinates,5,0,0.65,,,,
SetTextureCoordinates,6,1,0.5,,,,
SetTextureCoordinates,7,0,0.5,,,,
SetTextureCoordinates,8,1,0.35,,,,
SetTextureCoordinates,9,0,0.35,,,,
SetTextureCoordinates,10,1,0.065,,,,
SetTextureCoordinates,11,0,0.065,,,,
SetTextureCoordinates,12,1,0,,,,
SetTextureCoordinates,13,0,0,,,,
,,,,,,,
,,,,,,,
CreateMeshBuilder,,;//ÉNÅ[ÉâÅ[,,,,,
AddVertex ,-0.9,3.6,-11.6,,,,
AddVertex ,-0.9,3.77,-11.6,,,,
AddVertex ,-0.5,3.97,-11.6,,,,
AddVertex ,0,4.02,-11.6,,,,
AddVertex ,0.5,3.97,-11.6,,,,
AddVertex ,0.9,3.8,-11.6,,,,
AddVertex ,0.9,3.6,-11.6,,,,
AddVertex ,-0.9,3.6,-8,,,,
AddVertex ,-0.9,3.77,-8,,,,
AddVertex ,-0.5,3.97,-8,,,,
AddVertex ,0,4.02,-8,,,,
AddVertex ,0.5,3.97,-8,,,,
AddVertex ,0.9,3.8,-8,,,,
AddVertex ,0.9,3.6,-8,,,,
AddFace2,0,1,2,3,4,5,6
AddFace2,7,8,9,10,11,12,13
SetColor,200,200,200,,,,
GenerateNormals,,,,,,,
,,,,,,,
,,,,,,,
CreateMeshBuilder,,;//ÉxÉìÉ`ÉåÅ[É^,,,,,
AddVertex,-0.35,3.6,-16.65,,,,
AddVertex,-0.35,3.87,-16.65,,,,
AddVertex,0.05,3.87,-16.65,,,,
AddVertex,0.05,3.6,-16.65,,,,
AddVertex,-0.35,3.6,-15.85,,,,
AddVertex,-0.35,3.87,-15.85,,,,
AddVertex,0.05,3.87,-15.85,,,,
AddVertex,0.05,3.6,-15.85,,,,
AddVertex,-0.32,3.9,-16.65,,,,
AddVertex,-0.32,3.9,-15.85,,,,
AddVertex,0.02,3.9,-15.85,,,,
AddVertex,0.02,3.9,-16.65,,,,
AddFace,0,1,2,3,,,
AddFace,4,7,6,5,,,
AddFace,8,9,10,11,,,
AddFace,1,8,11,2,,,
AddFace,5,6,10,9,,,
AddFace,2,11,10,6,,,
AddFace,1,5,9,8,,,
AddFace,3,2,6,7,,,
AddFace,0,4,5,1,,,
Translate,0.4,0,-2.3,,,,
SetColor,150,150,150,,,,
GenerateNormals,,,,,,,
,,,,,,,
,,,,,,,
CreateMeshBuilder,,;//ÉxÉìÉ`ÉåÅ[É^,,,,,
AddVertex,-0.35,3.6,-16.65,,,,
AddVertex,-0.35,3.87,-16.65,,,,
AddVertex,0.05,3.87,-16.65,,,,
AddVertex,0.05,3.6,-16.65,,,,
AddVertex,-0.35,3.6,-15.85,,,,
AddVertex,-0.35,3.87,-15.85,,,,
AddVertex,0.05,3.87,-15.85,,,,
AddVertex,0.05,3.6,-15.85,,,,
AddVertex,-0.32,3.9,-16.65,,,,
AddVertex,-0.32,3.9,-15.85,,,,
AddVertex,0.02,3.9,-15.85,,,,
AddVertex,0.02,3.9,-16.65,,,,
AddFace,0,1,2,3,,,
AddFace,4,7,6,5,,,
AddFace,8,9,10,11,,,
AddFace,1,8,11,2,,,
AddFace,5,6,10,9,,,
AddFace,2,11,10,6,,,
AddFace,1,5,9,8,,,
AddFace,3,2,6,7,,,
AddFace,0,4,5,1,,,
Translate,0,0,0.7,,,,
SetColor,150,150,150,,,,
GenerateNormals,,,,,,,
,,,,,,,
,,,,,,,
CreateMeshBuilder,,;//ÉxÉìÉ`ÉåÅ[É^,,,,,
AddVertex,-0.35,3.6,-16.65,,,,
AddVertex,-0.35,3.87,-16.65,,,,
AddVertex,0.05,3.87,-16.65,,,,
AddVertex,0.05,3.6,-16.65,,,,
AddVertex,-0.35,3.6,-15.85,,,,
AddVertex,-0.35,3.87,-15.85,,,,
AddVertex,0.05,3.87,-15.85,,,,
AddVertex,0.05,3.6,-15.85,,,,
AddVertex,-0.32,3.9,-16.65,,,,
AddVertex,-0.32,3.9,-15.85,,,,
AddVertex,0.02,3.9,-15.85,,,,
AddVertex,0.02,3.9,-16.65,,,,
AddFace,0,1,2,3,,,
AddFace,4,7,6,5,,,
AddFace,8,9,10,11,,,
AddFace,1,8,11,2,,,
AddFace,5,6,10,9,,,
AddFace,2,11,10,6,,,
AddFace,1,5,9,8,,,
AddFace,3,2,6,7,,,
AddFace,0,4,5,1,,,
Translate,0.4,0,2.85,,,,
SetColor,150,150,150,,,,
GenerateNormals,,,,,,,
,,,,,,,
,,,,,,,
CreateMeshBuilder,,;//ÉxÉìÉ`ÉåÅ[É^,,,,,
AddVertex,-0.35,3.6,-16.65,,,,
AddVertex,-0.35,3.87,-16.65,,,,
AddVertex,0.05,3.87,-16.65,,,,
AddVertex,0.05,3.6,-16.65,,,,
AddVertex,-0.35,3.6,-15.85,,,,
AddVertex,-0.35,3.87,-15.85,,,,
AddVertex,0.05,3.87,-15.85,,,,
AddVertex,0.05,3.6,-15.85,,,,
AddVertex,-0.32,3.9,-16.65,,,,
AddVertex,-0.32,3.9,-15.85,,,,
AddVertex,0.02,3.9,-15.85,,,,
AddVertex,0.02,3.9,-16.65,,,,
AddFace,0,1,2,3,,,
AddFace,4,7,6,5,,,
AddFace,8,9,10,11,,,
AddFace,1,8,11,2,,,
AddFace,5,6,10,9,,,
AddFace,2,11,10,6,,,
AddFace,1,5,9,8,,,
AddFace,3,2,6,7,,,
AddFace,0,4,5,1,,,
Translate,0,0,10.3,,,,
SetColor,150,150,150,,,,
GenerateNormals,,,,,,,
,,,,,,,
,,,,,,,
CreateMeshBuilder,,;//îóãäÌ,,,,,
Cylinder,8,0.17,0.17,0.4,,,
Translate      ,0,3.77,-1,,,,
SetColor,180,180,180,,,,
GenerateNormals,,,,,,,
,,,,,,,
,,,,,,,
;------òAåãäÌ------,,,,,,,
CreateMeshBuilder,,;//ëOñ òAåãäÌ,,,,,
AddVertex,-0.18,1,-19.75,,,,
AddVertex,0.18,1,-19.75,,,,
AddVertex,0.18,0.7,-19.75,,,,
AddVertex,-0.18,0.7,-19.75,,,,
AddVertex,-0.18,1,-19.5005,,,,
AddVertex,0.18,1,-19.5005,,,,
AddVertex,0.18,0.7,-19.5005,,,,
AddVertex,-0.18,0.7,-19.5005,,,,
AddFace,0,4,5,1,,,
AddFace,2,1,5,6,,,
AddFace,3,7,4,0,,,
AddFace,2,3,0,1,,,
SetColor,25,25,25,,,,
GenerateNormals,,,,,,,
,,,,,,,
,,,,,,,
CreateMeshBuilder,,;//å„ñ òAåãäÌ,,,,,
AddVertex,-0.18,1,0.25,,,,
AddVertex,0.18,1,0.25,,,,
AddVertex,0.18,0.7,0.25,,,,
AddVertex,-0.18,0.7,0.25,,,,
AddVertex,-0.18,1,0.005,,,,
AddVertex,0.18,1,0.005,,,,
AddVertex,0.18,0.7,0.005,,,,
AddVertex,-0.18,0.7,0.005,,,,
AddFace,0,1,5,4,,,
AddFace,2,6,5,1,,,
AddFace,3,0,4,7,,,
AddFace,2,1,0,3,,,
SetColor,25,25,25,,,,
GenerateNormals,,,,,,,
,,,,,,,
,,,,,,,
;------ë‰é‘(ëOÅj------,,,,,,,
CreateMeshBuilder,,;//é‘ó÷ç∂ëO,,,,,
Cylinder,16,0.48,0.45,0.07,,,
SetColor,20,20,10,,,,
Rotate,0,0,1,90,,,
Translate ,0.56,0.45,-17.8,,,,
,,,,,,,
,,,,,,,
CreateMeshBuilder,,;//é‘ó÷ç∂ëO,,,,,
AddVertex   ,0.6,0,-18.25,,,,
AddVertex   ,0.6,0.9,-18.25,,,,
AddVertex   ,0.6,0.9,-17.35,,,,
AddVertex   ,0.6,0,-17.35,,,,
AddFace,0,1,2,3,,,
GenerateNormals,,,,,,,
,,,,,,,
LoadTexture,sharin.bmp,,,,,,
SetTextureCoordinates,0,0,1,,,,
SetTextureCoordinates,1,0,0,,,,
SetTextureCoordinates,2,1,0,,,,
SetTextureCoordinates,3,1,1,,,,
SetDecalTransparentColor,0,0,0,,,,
,,,,,,,
,,,,,,,
CreateMeshBuilder,,;//é‘ó÷ç∂å„,,,,,
Cylinder,16,0.48,0.45,0.07,,,
SetColor,20,20,10,,,,
Rotate,0,0,1,90,,,
Translate ,0.56,0.45,-15.7,,,,
,,,,,,,
,,,,,,,
CreateMeshBuilder,,;//é‘ó÷ç∂å„,,,,,
AddVertex   ,0.6,0,-16.15,,,,
AddVertex   ,0.6,0.9,-16.15,,,,
AddVertex   ,0.6,0.9,-15.25,,,,
AddVertex   ,0.6,0,-15.25,,,,
AddFace,0,1,2,3,,,
GenerateNormals,,,,,,,
,,,,,,,
LoadTexture,sharin.bmp,,,,,,
SetTextureCoordinates,0,0,1,,,,
SetTextureCoordinates,1,0,0,,,,
SetTextureCoordinates,2,1,0,,,,
SetTextureCoordinates,3,1,1,,,,
SetDecalTransparentColor,0,0,0,,,,
,,,,,,,
,,,,,,,
CreateMeshBuilder,,;//é‘ó÷âEëO,,,,,
Cylinder,16,0.45,0.48,0.07,,,
SetColor,20,20,10,,,,
Rotate,0,0,1,90,,,
Translate ,-0.56,0.45,-17.8,,,,
,,,,,,,
,,,,,,,
CreateMeshBuilder,,;//é‘ó÷âEëO,,,,,
AddVertex   ,-0.6,0,-18.25,,,,
AddVertex   ,-0.6,0.9,-18.25,,,,
AddVertex   ,-0.6,0.9,-17.35,,,,
AddVertex   ,-0.6,0,-17.35,,,,
AddFace,0,3,2,1,,,
GenerateNormals,,,,,,,
,,,,,,,
LoadTexture,sharin.bmp,,,,,,
SetTextureCoordinates,0,0,1,,,,
SetTextureCoordinates,1,0,0,,,,
SetTextureCoordinates,2,1,0,,,,
SetTextureCoordinates,3,1,1,,,,
SetDecalTransparentColor,0,0,0,,,,
,,,,,,,
,,,,,,,
CreateMeshBuilder,,;//é‘ó÷âEå„,,,,,
Cylinder,16,0.45,0.48,0.07,,,
SetColor,20,20,10,,,,
Rotate,0,0,1,90,,,
Translate ,-0.56,0.45,-15.7,,,,
,,,,,,,
,,,,,,,
CreateMeshBuilder,,;//é‘ó÷âEå„,,,,,
AddVertex   ,-0.6,0,-16.15,,,,
AddVertex   ,-0.6,0.9,-16.15,,,,
AddVertex   ,-0.6,0.9,-15.25,,,,
AddVertex   ,-0.6,0,-15.25,,,,
AddFace,0,3,2,1,,,
GenerateNormals,,,,,,,
,,,,,,,
LoadTexture,sharin.bmp,,,,,,
SetTextureCoordinates,0,0,1,,,,
SetTextureCoordinates,1,0,0,,,,
SetTextureCoordinates,2,1,0,,,,
SetTextureCoordinates,3,1,1,,,,
SetDecalTransparentColor,0,0,0,,,,
,,,,,,,
,,,,,,,
CreateMeshBuilder,,;//ç∂ë‰é‘,,,,,
AddVertex   ,0.95,0.05,-18.57,,,,
AddVertex   ,0.95,1.05,-18.57,,,,
AddVertex   ,0.95,1.05,-14.93,,,,
AddVertex   ,0.95,0.05,-14.93,,,,
AddFace,0,1,2,3,,,
GenerateNormals,,,,,,,
,,,,,,,
LoadTexture,daisha1.bmp,,,,,,
SetTextureCoordinates,0,0,1,,,,
SetTextureCoordinates,1,0,0,,,,
SetTextureCoordinates,2,1,0,,,,
SetTextureCoordinates,3,1,1,,,,
SetDecalTransparentColor,0,0,0,,,,
,,,,,,,
,,,,,,,
CreateMeshBuilder,,;//ç∂ë‰é‘,,,,,
AddVertex   ,0.8,0.05,-18.57,,,,
AddVertex   ,0.8,1.05,-18.57,,,,
AddVertex   ,0.8,1.05,-14.93,,,,
AddVertex   ,0.8,0.05,-14.93,,,,
AddFace2,0,1,2,3,,,
SetColor,30,30,30,,,,
GenerateNormals,,,,,,,
,,,,,,,
LoadTexture,daisha1.bmp,,,,,,
SetTextureCoordinates,0,0,1,,,,
SetTextureCoordinates,1,0,0,,,,
SetTextureCoordinates,2,1,0,,,,
SetTextureCoordinates,3,1,1,,,,
SetDecalTransparentColor,0,0,0,,,,
,,,,,,,
,,,,,,,
CreateMeshBuilder,,;//ç∂ë‰é‘,,,,,
AddVertex   ,1.1,0.35,-17.15,,,,
AddVertex   ,1.1,1,-17.15,,,,
AddVertex   ,1.1,1,-16.15,,,,
AddVertex   ,1.1,0.35,-16.15,,,,
AddFace,0,1,2,3,,,
GenerateNormals,,,,,,,
,,,,,,,
LoadTexture,daisha2.bmp,,,,,,
SetTextureCoordinates,0,0,1,,,,
SetTextureCoordinates,1,0,0,,,,
SetTextureCoordinates,2,1,0,,,,
SetTextureCoordinates,3,1,1,,,,
SetDecalTransparentColor,0,0,0,,,,
,,,,,,,
,,,,,,,
CreateMeshBuilder,,;//ç∂ë‰é‘,,,,,
AddVertex   ,1,0.35,-17.15,,,,
AddVertex   ,1,1,-17.15,,,,
AddVertex   ,1,1,-16.15,,,,
AddVertex   ,1,0.35,-16.15,,,,
AddFace2,0,1,2,3,,,
SetColor,170,170,170,,,,
GenerateNormals,,,,,,,
,,,,,,,
LoadTexture,daisha2.bmp,,,,,,
SetTextureCoordinates,0,0,1,,,,
SetTextureCoordinates,1,0,0,,,,
SetTextureCoordinates,2,1,0,,,,
SetTextureCoordinates,3,1,1,,,,
SetDecalTransparentColor,0,0,0,,,,
,,,,,,,
,,,,,,,
CreateMeshBuilder,,;//âEë‰é‘,,,,,
AddVertex   ,-0.95,0.05,-18.57,,,,
AddVertex   ,-0.95,1.05,-18.57,,,,
AddVertex   ,-0.95,1.05,-14.93,,,,
AddVertex   ,-0.95,0.05,-14.93,,,,
AddFace,0,3,2,1,,,
GenerateNormals,,,,,,,
,,,,,,,
LoadTexture,daisha1.bmp,,,,,,
SetTextureCoordinates,0,0,1,,,,
SetTextureCoordinates,1,0,0,,,,
SetTextureCoordinates,2,1,0,,,,
SetTextureCoordinates,3,1,1,,,,
SetDecalTransparentColor,0,0,0,,,,
,,,,,,,
,,,,,,,
CreateMeshBuilder,,;//âEë‰é‘,,,,,
AddVertex   ,-0.8,0.05,-18.57,,,,
AddVertex   ,-0.8,1.05,-18.57,,,,
AddVertex   ,-0.8,1.05,-14.93,,,,
AddVertex   ,-0.8,0.05,-14.93,,,,
AddFace2,0,1,2,3,,,
SetColor,30,30,30,,,,
GenerateNormals,,,,,,,
,,,,,,,
LoadTexture,daisha1.bmp,,,,,,
SetTextureCoordinates,0,0,1,,,,
SetTextureCoordinates,1,0,0,,,,
SetTextureCoordinates,2,1,0,,,,
SetTextureCoordinates,3,1,1,,,,
SetDecalTransparentColor,0,0,0,,,,
,,,,,,,
,,,,,,,
CreateMeshBuilder,,;//âEë‰é‘,,,,,
AddVertex   ,-1.1,0.35,-17.15,,,,
AddVertex   ,-1.1,1,-17.15,,,,
AddVertex   ,-1.1,1,-16.15,,,,
AddVertex   ,-1.1,0.35,-16.15,,,,
AddFace,0,3,2,1,,,
Translate,0,0,-0.1,,,,
GenerateNormals,,,,,,,
,,,,,,,
LoadTexture,daisha2.bmp,,,,,,
SetTextureCoordinates,0,1,1,,,,
SetTextureCoordinates,1,1,0,,,,
SetTextureCoordinates,2,0,0,,,,
SetTextureCoordinates,3,0,1,,,,
SetDecalTransparentColor,0,0,0,,,,
,,,,,,,
,,,,,,,
CreateMeshBuilder,,;//âEë‰é‘,,,,,
AddVertex   ,-1,0.35,-17.15,,,,
AddVertex   ,-1,1,-17.15,,,,
AddVertex   ,-1,1,-16.15,,,,
AddVertex   ,-1,0.35,-16.15,,,,
AddFace2,0,1,2,3,,,
Translate,0,0,-0.1,,,,
SetColor,170,170,170,,,,
GenerateNormals,,,,,,,
,,,,,,,
LoadTexture,daisha2.bmp,,,,,,
SetTextureCoordinates,0,1,1,,,,
SetTextureCoordinates,1,1,0,,,,
SetTextureCoordinates,2,0,0,,,,
SetTextureCoordinates,3,0,1,,,,
SetDecalTransparentColor,0,0,0,,,,
,,,,,,,
,,,,,,,
CreateMeshBuilder,,;//ç∂ÉuÉåÅ[ÉL,,,,,
AddVertex   ,0.62,0.15,-17.52,,,,
AddVertex   ,0.62,0.55,-17.52,,,,
AddVertex   ,0.62,0.55,-15.68,,,,
AddVertex   ,0.62,0.15,-15.68,,,,
AddFace,0,1,2,3,,,
Translate,0,0,-0.15,,,,
GenerateNormals,,,,,,,
,,,,,,,
LoadTexture,brake.bmp,,,,,,
SetTextureCoordinates,0,0,1,,,,
SetTextureCoordinates,1,0,0,,,,
SetTextureCoordinates,2,1,0,,,,
SetTextureCoordinates,3,1,1,,,,
SetDecalTransparentColor,0,0,0,,,,
,,,,,,,
,,,,,,,
CreateMeshBuilder,,;//ç∂ÉuÉåÅ[ÉL,,,,,
AddVertex   ,0.55,0.15,-17.52,,,,
AddVertex   ,0.55,0.55,-17.52,,,,
AddVertex   ,0.55,0.55,-15.68,,,,
AddVertex   ,0.55,0.15,-15.68,,,,
AddFace2,0,1,2,3,,,
Translate,0,0,-0.15,,,,
SetColor,30,30,30,,,,
GenerateNormals,,,,,,,
,,,,,,,
LoadTexture,brake.bmp,,,,,,
SetTextureCoordinates,0,0,1,,,,
SetTextureCoordinates,1,0,0,,,,
SetTextureCoordinates,2,1,0,,,,
SetTextureCoordinates,3,1,1,,,,
SetDecalTransparentColor,0,0,0,,,,
,,,,,,,
,,,,,,,
CreateMeshBuilder,,;//âEÉuÉåÅ[ÉL,,,,,
AddVertex   ,-0.62,0.15,-17.52,,,,
AddVertex   ,-0.62,0.55,-17.52,,,,
AddVertex   ,-0.62,0.55,-15.68,,,,
AddVertex   ,-0.62,0.15,-15.68,,,,
AddFace,0,3,2,1,,,
Translate,0,0,-0.15,,,,
GenerateNormals,,,,,,,
,,,,,,,
LoadTexture,brake.bmp,,,,,,
SetTextureCoordinates,0,0,1,,,,
SetTextureCoordinates,1,0,0,,,,
SetTextureCoordinates,2,1,0,,,,
SetTextureCoordinates,3,1,1,,,,
SetDecalTransparentColor,0,0,0,,,,
,,,,,,,
,,,,,,,
CreateMeshBuilder,,;//âEÉuÉåÅ[ÉL,,,,,
AddVertex   ,-0.55,0.15,-17.52,,,,
AddVertex   ,-0.55,0.55,-17.52,,,,
AddVertex   ,-0.55,0.55,-15.68,,,,
AddVertex   ,-0.55,0.15,-15.68,,,,
AddFace2,0,1,2,3,,,
Translate,0,0,-0.15,,,,
SetColor,30,30,30,,,,
GenerateNormals,,,,,,,
,,,,,,,
LoadTexture,brake.bmp,,,,,,
SetTextureCoordinates,0,0,1,,,,
SetTextureCoordinates,1,0,0,,,,
SetTextureCoordinates,2,1,0,,,,
SetTextureCoordinates,3,1,1,,,,
SetDecalTransparentColor,0,0,0,,,,
,,,,,,,
,,,,,,,
CreateMeshBuilder,,;//ë‰é‘,,,,,
Cube,0.75,0.1,0.5,,,,
SetColor,22,19,10,,,,
Translate,0,0.9,-16.75,,,,
GenerateNormals,,,,,,,
,,,,,,,
,,,,,,,
CreateMeshBuilder,,;//é‘é≤ëO,,,,,
Cylinder,4,0.08,0.08,1.65,,,
SetColor,20,20,10,,,,
Rotate,0,0,1,90,,,
Translate ,0,0.45,-17.8,,,,
,,,,,,,
,,,,,,,
CreateMeshBuilder,,;//é‘é≤å„,,,,,
Cylinder,4,0.08,0.08,1.65,,,
SetColor,20,20,10,,,,
Rotate,0,0,1,90,,,
Translate ,0,0.45,-15.7,,,,
,,,,,,,
,,,,,,,
;------ë‰é‘(å„Åj------,,,,,,,
CreateMeshBuilder,,;//é‘ó÷ç∂ëO,,,,,
Cylinder,16,0.48,0.45,0.07,,,
SetColor,20,20,10,,,,
Rotate,0,0,1,90,,,
Translate ,0.56,0.45,-3.8,,,,
,,,,,,,
,,,,,,,
CreateMeshBuilder,,;//é‘ó÷ç∂ëO,,,,,
AddVertex   ,0.6,0,-18.25,,,,
AddVertex   ,0.6,0.9,-18.25,,,,
AddVertex   ,0.6,0.9,-17.35,,,,
AddVertex   ,0.6,0,-17.35,,,,
AddFace,0,1,2,3,,,
Translate ,0,0,14,,,,
GenerateNormals,,,,,,,
,,,,,,,
LoadTexture,sharin.bmp,,,,,,
SetTextureCoordinates,0,0,1,,,,
SetTextureCoordinates,1,0,0,,,,
SetTextureCoordinates,2,1,0,,,,
SetTextureCoordinates,3,1,1,,,,
SetDecalTransparentColor,0,0,0,,,,
,,,,,,,
,,,,,,,
CreateMeshBuilder,,;//é‘ó÷ç∂å„,,,,,
Cylinder,16,0.48,0.45,0.07,,,
SetColor,20,20,10,,,,
Rotate,0,0,1,90,,,
Translate ,0.56,0.45,-1.7,,,,
,,,,,,,
,,,,,,,
CreateMeshBuilder,,;//é‘ó÷ç∂å„,,,,,
AddVertex   ,0.6,0,-16.15,,,,
AddVertex   ,0.6,0.9,-16.15,,,,
AddVertex   ,0.6,0.9,-15.25,,,,
AddVertex   ,0.6,0,-15.25,,,,
AddFace,0,1,2,3,,,
Translate ,0,0,14,,,,
GenerateNormals,,,,,,,
,,,,,,,
LoadTexture,sharin.bmp,,,,,,
SetTextureCoordinates,0,0,1,,,,
SetTextureCoordinates,1,0,0,,,,
SetTextureCoordinates,2,1,0,,,,
SetTextureCoordinates,3,1,1,,,,
SetDecalTransparentColor,0,0,0,,,,
,,,,,,,
,,,,,,,
CreateMeshBuilder,,;//é‘ó÷âEëO,,,,,
Cylinder,16,0.45,0.48,0.07,,,
SetColor,20,20,10,,,,
Rotate,0,0,1,90,,,
Translate ,-0.56,0.45,-3.8,,,,
,,,,,,,
,,,,,,,
CreateMeshBuilder,,;//é‘ó÷âEëO,,,,,
AddVertex   ,-0.6,0,-18.25,,,,
AddVertex   ,-0.6,0.9,-18.25,,,,
AddVertex   ,-0.6,0.9,-17.35,,,,
AddVertex   ,-0.6,0,-17.35,,,,
AddFace,0,3,2,1,,,
Translate ,0,0,14,,,,
GenerateNormals,,,,,,,
,,,,,,,
LoadTexture,sharin.bmp,,,,,,
SetTextureCoordinates,0,0,1,,,,
SetTextureCoordinates,1,0,0,,,,
SetTextureCoordinates,2,1,0,,,,
SetTextureCoordinates,3,1,1,,,,
SetDecalTransparentColor,0,0,0,,,,
,,,,,,,
,,,,,,,
CreateMeshBuilder,,;//é‘ó÷âEå„,,,,,
Cylinder,16,0.45,0.48,0.07,,,
SetColor,20,20,10,,,,
Rotate,0,0,1,90,,,
Translate ,-0.56,0.45,-1.7,,,,
,,,,,,,
,,,,,,,
CreateMeshBuilder,,;//é‘ó÷âEå„,,,,,
AddVertex   ,-0.6,0,-16.15,,,,
AddVertex   ,-0.6,0.9,-16.15,,,,
AddVertex   ,-0.6,0.9,-15.25,,,,
AddVertex   ,-0.6,0,-15.25,,,,
AddFace,0,3,2,1,,,
Translate ,0,0,14,,,,
GenerateNormals,,,,,,,
,,,,,,,
LoadTexture,sharin.bmp,,,,,,
SetTextureCoordinates,0,0,1,,,,
SetTextureCoordinates,1,0,0,,,,
SetTextureCoordinates,2,1,0,,,,
SetTextureCoordinates,3,1,1,,,,
SetDecalTransparentColor,0,0,0,,,,
,,,,,,,
,,,,,,,
CreateMeshBuilder,,;//ç∂ë‰é‘,,,,,
AddVertex   ,0.95,0.05,-18.57,,,,
AddVertex   ,0.95,1.05,-18.57,,,,
AddVertex   ,0.95,1.05,-14.93,,,,
AddVertex   ,0.95,0.05,-14.93,,,,
AddFace,0,1,2,3,,,
Translate ,0,0,14,,,,
GenerateNormals,,,,,,,
,,,,,,,
LoadTexture,daisha1.bmp,,,,,,
SetTextureCoordinates,0,0,1,,,,
SetTextureCoordinates,1,0,0,,,,
SetTextureCoordinates,2,1,0,,,,
SetTextureCoordinates,3,1,1,,,,
SetDecalTransparentColor,0,0,0,,,,
,,,,,,,
,,,,,,,
CreateMeshBuilder,,;//ç∂ë‰é‘,,,,,
AddVertex   ,0.8,0.05,-18.57,,,,
AddVertex   ,0.8,1.05,-18.57,,,,
AddVertex   ,0.8,1.05,-14.93,,,,
AddVertex   ,0.8,0.05,-14.93,,,,
AddFace2,0,1,2,3,,,
SetColor,30,30,30,,,,
Translate ,0,0,14,,,,
GenerateNormals,,,,,,,
,,,,,,,
LoadTexture,daisha1.bmp,,,,,,
SetTextureCoordinates,0,0,1,,,,
SetTextureCoordinates,1,0,0,,,,
SetTextureCoordinates,2,1,0,,,,
SetTextureCoordinates,3,1,1,,,,
SetDecalTransparentColor,0,0,0,,,,
,,,,,,,
,,,,,,,
CreateMeshBuilder,,;//ç∂ë‰é‘,,,,,
AddVertex   ,1.1,0.35,-17.15,,,,
AddVertex   ,1.1,1,-17.15,,,,
AddVertex   ,1.1,1,-16.15,,,,
AddVertex   ,1.1,0.35,-16.15,,,,
AddFace,0,1,2,3,,,
Translate ,0,0,14,,,,
GenerateNormals,,,,,,,
,,,,,,,
LoadTexture,daisha2.bmp,,,,,,
SetTextureCoordinates,0,0,1,,,,
SetTextureCoordinates,1,0,0,,,,
SetTextureCoordinates,2,1,0,,,,
SetTextureCoordinates,3,1,1,,,,
SetDecalTransparentColor,0,0,0,,,,
,,,,,,,
,,,,,,,
CreateMeshBuilder,,;//ç∂ë‰é‘,,,,,
AddVertex   ,1,0.35,-17.15,,,,
AddVertex   ,1,1,-17.15,,,,
AddVertex   ,1,1,-16.15,,,,
AddVertex   ,1,0.35,-16.15,,,,
AddFace2,0,1,2,3,,,
SetColor,170,170,170,,,,
Translate ,0,0,14,,,,
GenerateNormals,,,,,,,
,,,,,,,
LoadTexture,daisha2.bmp,,,,,,
SetTextureCoordinates,0,0,1,,,,
SetTextureCoordinates,1,0,0,,,,
SetTextureCoordinates,2,1,0,,,,
SetTextureCoordinates,3,1,1,,,,
SetDecalTransparentColor,0,0,0,,,,
,,,,,,,
,,,,,,,
CreateMeshBuilder,,;//âEë‰é‘,,,,,
AddVertex   ,-0.95,0.05,-18.57,,,,
AddVertex   ,-0.95,1.05,-18.57,,,,
AddVertex   ,-0.95,1.05,-14.93,,,,
AddVertex   ,-0.95,0.05,-14.93,,,,
AddFace,0,3,2,1,,,
Translate ,0,0,14,,,,
GenerateNormals,,,,,,,
,,,,,,,
LoadTexture,daisha1.bmp,,,,,,
SetTextureCoordinates,0,0,1,,,,
SetTextureCoordinates,1,0,0,,,,
SetTextureCoordinates,2,1,0,,,,
SetTextureCoordinates,3,1,1,,,,
SetDecalTransparentColor,0,0,0,,,,
,,,,,,,
,,,,,,,
CreateMeshBuilder,,;//âEë‰é‘,,,,,
AddVertex   ,-0.8,0.05,-18.57,,,,
AddVertex   ,-0.8,1.05,-18.57,,,,
AddVertex   ,-0.8,1.05,-14.93,,,,
AddVertex   ,-0.8,0.05,-14.93,,,,
AddFace2,0,1,2,3,,,
SetColor,30,30,30,,,,
Translate ,0,0,14,,,,
GenerateNormals,,,,,,,
,,,,,,,
LoadTexture,daisha1.bmp,,,,,,
SetTextureCoordinates,0,0,1,,,,
SetTextureCoordinates,1,0,0,,,,
SetTextureCoordinates,2,1,0,,,,
SetTextureCoordinates,3,1,1,,,,
SetDecalTransparentColor,0,0,0,,,,
,,,,,,,
,,,,,,,
CreateMeshBuilder,,;//âEë‰é‘,,,,,
AddVertex   ,-1.1,0.35,-17.15,,,,
AddVertex   ,-1.1,1,-17.15,,,,
AddVertex   ,-1.1,1,-16.15,,,,
AddVertex   ,-1.1,0.35,-16.15,,,,
AddFace,0,3,2,1,,,
Translate ,0,0,13.9,,,,
GenerateNormals,,,,,,,
,,,,,,,
LoadTexture,daisha2.bmp,,,,,,
SetTextureCoordinates,0,1,1,,,,
SetTextureCoordinates,1,1,0,,,,
SetTextureCoordinates,2,0,0,,,,
SetTextureCoordinates,3,0,1,,,,
SetDecalTransparentColor,0,0,0,,,,
,,,,,,,
,,,,,,,
CreateMeshBuilder,,;//âEë‰é‘,,,,,
AddVertex   ,-1,0.35,-17.15,,,,
AddVertex   ,-1,1,-17.15,,,,
AddVertex   ,-1,1,-16.15,,,,
AddVertex   ,-1,0.35,-16.15,,,,
AddFace2,0,1,2,3,,,
SetColor,170,170,170,,,,
Translate ,0,0,13.9,,,,
GenerateNormals,,,,,,,
,,,,,,,
LoadTexture,daisha2.bmp,,,,,,
SetTextureCoordinates,0,1,1,,,,
SetTextureCoordinates,1,1,0,,,,
SetTextureCoordinates,2,0,0,,,,
SetTextureCoordinates,3,0,1,,,,
SetDecalTransparentColor,0,0,0,,,,
,,,,,,,
,,,,,,,
CreateMeshBuilder,,;//ç∂ÉuÉåÅ[ÉL,,,,,
AddVertex   ,0.62,0.15,-17.52,,,,
AddVertex   ,0.62,0.55,-17.52,,,,
AddVertex   ,0.62,0.55,-15.68,,,,
AddVertex   ,0.62,0.15,-15.68,,,,
AddFace,0,1,2,3,,,
Translate,0,0,13.85,,,,
GenerateNormals,,,,,,,
,,,,,,,
LoadTexture,brake.bmp,,,,,,
SetTextureCoordinates,0,0,1,,,,
SetTextureCoordinates,1,0,0,,,,
SetTextureCoordinates,2,1,0,,,,
SetTextureCoordinates,3,1,1,,,,
SetDecalTransparentColor,0,0,0,,,,
,,,,,,,
,,,,,,,
CreateMeshBuilder,,;//ç∂ÉuÉåÅ[ÉL,,,,,
AddVertex   ,0.55,0.15,-17.52,,,,
AddVertex   ,0.55,0.55,-17.52,,,,
AddVertex   ,0.55,0.55,-15.68,,,,
AddVertex   ,0.55,0.15,-15.68,,,,
AddFace2,0,1,2,3,,,
Translate,0,0,13.85,,,,
SetColor,30,30,30,,,,
GenerateNormals,,,,,,,
,,,,,,,
LoadTexture,brake.bmp,,,,,,
SetTextureCoordinates,0,0,1,,,,
SetTextureCoordinates,1,0,0,,,,
SetTextureCoordinates,2,1,0,,,,
SetTextureCoordinates,3,1,1,,,,
SetDecalTransparentColor,0,0,0,,,,
,,,,,,,
,,,,,,,
CreateMeshBuilder,,;//âEÉuÉåÅ[ÉL,,,,,
AddVertex   ,-0.62,0.15,-17.52,,,,
AddVertex   ,-0.62,0.55,-17.52,,,,
AddVertex   ,-0.62,0.55,-15.68,,,,
AddVertex   ,-0.62,0.15,-15.68,,,,
AddFace,0,3,2,1,,,
Translate,0,0,13.85,,,,
GenerateNormals,,,,,,,
,,,,,,,
LoadTexture,brake.bmp,,,,,,
SetTextureCoordinates,0,0,1,,,,
SetTextureCoordinates,1,0,0,,,,
SetTextureCoordinates,2,1,0,,,,
SetTextureCoordinates,3,1,1,,,,
SetDecalTransparentColor,0,0,0,,,,
,,,,,,,
,,,,,,,
CreateMeshBuilder,,;//âEÉuÉåÅ[ÉL,,,,,
AddVertex   ,-0.55,0.15,-17.52,,,,
AddVertex   ,-0.55,0.55,-17.52,,,,
AddVertex   ,-0.55,0.55,-15.68,,,,
AddVertex   ,-0.55,0.15,-15.68,,,,
AddFace2,0,1,2,3,,,
Translate,0,0,13.85,,,,
SetColor,30,30,30,,,,
GenerateNormals,,,,,,,
,,,,,,,
LoadTexture,brake.bmp,,,,,,
SetTextureCoordinates,0,0,1,,,,
SetTextureCoordinates,1,0,0,,,,
SetTextureCoordinates,2,1,0,,,,
SetTextureCoordinates,3,1,1,,,,
SetDecalTransparentColor,0,0,0,,,,
,,,,,,,
,,,,,,,
CreateMeshBuilder,,;//ë‰é‘,,,,,
Cube,0.75,0.1,0.5,,,,
SetColor,22,19,10,,,,
Translate,0,0.9,-2.75,,,,
GenerateNormals,,,,,,,
,,,,,,,
,,,,,,,
CreateMeshBuilder,,;//é‘é≤ëO,,,,,
Cylinder,4,0.08,0.08,1.65,,,
SetColor,20,20,10,,,,
Rotate,0,0,1,90,,,
Translate ,0,0.45,-3.8,,,,
,,,,,,,
,,,,,,,
CreateMeshBuilder,,;//é‘é≤å„,,,,,
Cylinder,4,0.08,0.08,1.65,,,
SetColor,20,20,10,,,,
Rotate,0,0,1,90,,,
Translate ,0,0.45,-1.7,,,,
,,,,,,,
,,,,,,,
;------è∞â∫ã@äÌ------,,,,,,,
CreateMeshBuilder,,;//ç∂ë§ÉXÉeÉbÉv,,,,,
AddVertex     ,1.32,0.49,-18.81,,,,
AddVertex     ,1.32,1,-18.81,,,,
AddVertex     ,1.32,1,-18.55,,,,
AddVertex     ,1.32,0.49,-18.55,,,,
AddFace2,0,1,2,3,,,
Translate,0,0,1.18,,,,
GenerateNormals,,,,,,,
,,,,,,,
LoadTexture,step.bmp,,,,,,
SetTextureCoordinates,0,1,1,,,,
SetTextureCoordinates,1,1,0,,,,
SetTextureCoordinates,2,0,0,,,,
SetTextureCoordinates,3,0,1,,,,
SetDecalTransparentColor,0,0,0,,,,
,,,,,,,
,,,,,,,
CreateMeshBuilder,,;//ç∂ë§ÉXÉeÉbÉv,,,,,
AddVertex     ,1.32,0.49,-18.81,,,,
AddVertex     ,1.32,1,-18.81,,,,
AddVertex     ,1.32,1,-18.55,,,,
AddVertex     ,1.32,0.49,-18.55,,,,
AddFace2,0,1,2,3,,,
Translate,0,0,16.65,,,,
GenerateNormals,,,,,,,
,,,,,,,
LoadTexture,step.bmp,,,,,,
SetTextureCoordinates,0,1,1,,,,
SetTextureCoordinates,1,1,0,,,,
SetTextureCoordinates,2,0,0,,,,
SetTextureCoordinates,3,0,1,,,,
SetDecalTransparentColor,0,0,0,,,,
,,,,,,,
,,,,,,,
CreateMeshBuilder,,;//âEë§ÉXÉeÉbÉv,,,,,
AddVertex     ,-1.32,0.49,-18.81,,,,
AddVertex     ,-1.32,1,-18.81,,,,
AddVertex     ,-1.32,1,-18.55,,,,
AddVertex     ,-1.32,0.49,-18.55,,,,
AddFace2,0,1,2,3,,,
Translate,0,0,1.18,,,,
GenerateNormals,,,,,,,
,,,,,,,
LoadTexture,step.bmp,,,,,,
SetTextureCoordinates,0,1,1,,,,
SetTextureCoordinates,1,1,0,,,,
SetTextureCoordinates,2,0,0,,,,
SetTextureCoordinates,3,0,1,,,,
SetDecalTransparentColor,0,0,0,,,,
,,,,,,,
,,,,,,,
CreateMeshBuilder,,;//âEë§ÉXÉeÉbÉv,,,,,
AddVertex     ,-1.32,0.49,-18.81,,,,
AddVertex     ,-1.32,1,-18.81,,,,
AddVertex     ,-1.32,1,-18.55,,,,
AddVertex     ,-1.32,0.49,-18.55,,,,
AddFace2,0,1,2,3,,,
Translate,0,0,16.65,,,,
GenerateNormals,,,,,,,
,,,,,,,
LoadTexture,step.bmp,,,,,,
SetTextureCoordinates,0,1,1,,,,
SetTextureCoordinates,1,1,0,,,,
SetTextureCoordinates,2,0,0,,,,
SetTextureCoordinates,3,0,1,,,,
SetDecalTransparentColor,0,0,0,,,,
,,,,,,,
,,,,,,,
CreateMeshBuilder,,;//è∞â∫ã@äÌ,,,,,
Cube,0.75,0.15,0.6,,,,
SetColor,22,19,10,,,,
Translate,0,0.85,-0.6,,,,
GenerateNormals,,,,,,,
,,,,,,,
,,,,,,,
CreateMeshBuilder,,;//è∞â∫ã@äÌ,,,,,
Cube,0.75,0.15,0.6,,,,
SetColor,22,19,10,,,,
Translate,0,0.85,-18.9,,,,
GenerateNormals,,,,,,,
,,,,,,,
,,,,,,,
CreateMeshBuilder,,;//è∞â∫ã@äÌ,,,,,
AddVertex     ,1.1,0.25,-14.85,,,,
AddVertex     ,1.1,1,-14.85,,,,
AddVertex     ,1.1,1,-4.7,,,,
AddVertex     ,1.1,0.25,-4.7,,,,
AddVertex     ,-1.1,0.25,-14.85,,,,
AddVertex     ,-1.1,1,-14.85,,,,
AddVertex     ,-1.1,1,-4.7,,,,
AddVertex     ,-1.1,0.25,-4.7,,,,
AddFace,0,1,2,3,,,
AddFace,4,7,6,5,,,
GenerateNormals,,,,,,,
,,,,,,,
LoadTexture,M-under.bmp,,,,,,
SetTextureCoordinates,0,0,0.99,,,,
SetTextureCoordinates,1,0,0.005,,,,
SetTextureCoordinates,2,1,0.005,,,,
SetTextureCoordinates,3,1,0.99,,,,
SetTextureCoordinates,4,0,0.99,,,,
SetTextureCoordinates,5,0,0.005,,,,
SetTextureCoordinates,6,1,0.005,,,,
SetTextureCoordinates,7,1,0.99,,,,
,,,,,,,
,,,,,,,
CreateMeshBuilder,,;//è∞â∫ã@äÌ,,,,,
AddVertex     ,-1.1,0.25,-14.85,,,,
AddVertex     ,-1.1,1,-14.85,,,,
AddVertex     ,1.1,1,-14.85,,,,
AddVertex     ,1.1,0.25,-14.85,,,,
AddVertex     ,-1.1,0.25,-4.7,,,,
AddVertex     ,-1.1,1,-4.7,,,,
AddVertex     ,1.1,1,-4.7,,,,
AddVertex     ,1.1,0.25,-4.7,,,,
AddFace,0,1,2,3,,,
AddFace,4,7,6,5,,,
SetColor,35,30,30,,,,
GenerateNormals,,,,,,,
,,,,,,,
;------PANTOGRAF------,,,,,,,
CreateMeshBuilder,,;//?xÅ[?X,,,,,
Cube,0.05,0.05,0.6,,,,
SetColor,130,130,130,,,,
Translate           ,0.45,3.75,-2.65,,,,
GenerateNormals,,,,,,,
,,,,,,,
,,,,,,,
CreateMeshBuilder,,;//?xÅ[?X,,,,,
Cube,0.05,0.05,0.6,,,,
SetColor,130,130,130,,,,
Translate           ,-0.45,3.75,-2.65,,,,
GenerateNormals,,,,,,,
,,,,,,,
,,,,,,,
CreateMeshBuilder,,;//?xÅ[?X,,,,,
Cube,0.072,0.05,0.4,,,,
SetColor,130,130,130,,,,
Translate           ,0,3.75,-2.65,,,,
GenerateNormals,,,,,,,
,,,,,,,
,,,,,,,
CreateMeshBuilder,,;//?xÅ[?X,,,,,
Cube,0.5,0.05,0.05,,,,
SetColor,130,130,130,,,,
Translate           ,0,3.75,-3,,,,
GenerateNormals,,,,,,,
,,,,,,,
,,,,,,,
CreateMeshBuilder,,;//?xÅ[?X,,,,,
Cube,0.5,0.05,0.05,,,,
SetColor,130,130,130,,,,
Translate           ,0,3.75,-2.3,,,,
GenerateNormals,,,,,,,
,,,,,,,
,,,,,,,
CreateMeshBuilder,,;//?V?q1,,,,,
Cylinder,6,0.1,0.1,0.25,,,
Translate           ,0.45,3.58,-2.1,,,,
SetColor,200,200,200,,,,
GenerateNormals,,,,,,,
,,,,,,,
,,,,,,,
CreateMeshBuilder,,;//?V?q2,,,,,
Cylinder,6,0.1,0.1,0.25,,,
Translate           ,-0.45,3.58,-2.1,,,,
SetColor,200,200,200,,,,
GenerateNormals,,,,,,,
,,,,,,,
,,,,,,,
CreateMeshBuilder,,;//?V?q3,,,,,
Cylinder,6,0.1,0.1,0.25,,,
Translate           ,0.45,3.58,-3.2,,,,
SetColor,200,200,200,,,,
GenerateNormals,,,,,,,
,,,,,,,
,,,,,,,
CreateMeshBuilder,,;//?V?q4,,,,,
Cylinder,6,0.1,0.1,0.25,,,
Translate           ,-0.45,3.58,-3.2,,,,
SetColor,200,200,200,,,,
GenerateNormals,,,,,,,
,,,,,,,
,,,,,,,
CreateMeshBuilder,,;//ç∂Åe§?AÅ[?Ä,,,,,
Cylinder,4,0.025,0.025,1.2,,,
SetColor,100,100,100,,,,
Rotate,1,0,0,120,,,
Translate           ,0.44,4.05,-3.5,,,,
,,,,,,,
,,,,,,,
CreateMeshBuilder,,;//ç∂Åe§?AÅ[?Ä,,,,,
Cylinder,4,0.025,0.025,1.5,,,
SetColor,100,100,100,,,,
Rotate,1,0,0,63,,,
Translate           ,0.44,4.7,-3.35,,,,
,,,,,,,
,,,,,,,
CreateMeshBuilder,,;//ç∂Åe§?AÅ[?Ä,,,,,
Cylinder,4,0.025,0.025,1.2,,,
SetColor,100,100,100,,,,
Rotate,1,0,0,63,,,
Translate           ,0.44,4.05,-1.8,,,,
,,,,,,,
,,,,,,,
CreateMeshBuilder,,;//ç∂Åe§?AÅ[?Ä,,,,,
Cylinder,4,0.025,0.025,1.5,,,
SetColor,100,100,100,,,,
Rotate,1,0,0,118,,,
Translate           ,0.44,4.7,-1.95,,,,
,,,,,,,
,,,,,,,
CreateMeshBuilder,,;//Å?EÅe§?AÅ[?Ä,,,,,
Cylinder,4,0.025,0.025,1.2,,,
SetColor,100,100,100,,,,
Rotate,1,0,0,120,,,
Translate           ,-0.44,4.05,-3.5,,,,
,,,,,,,
,,,,,,,
CreateMeshBuilder,,;//Å?EÅe§?AÅ[?Ä,,,,,
Cylinder,4,0.025,0.025,1.5,,,
SetColor,100,100,100,,,,
Rotate,1,0,0,63,,,
Translate           ,-0.44,4.7,-3.35,,,,
,,,,,,,
,,,,,,,
CreateMeshBuilder,,;//Å?EÅe§?AÅ[?Ä,,,,,
Cylinder,4,0.025,0.025,1.2,,,
SetColor,100,100,100,,,,
Rotate,1,0,0,63,,,
Translate           ,-0.44,4.05,-1.8,,,,
,,,,,,,
,,,,,,,
CreateMeshBuilder,,;//Å?EÅe§?AÅ[?Ä,,,,,
Cylinder,4,0.025,0.025,1.5,,,
SetColor,100,100,100,,,,
Rotate,1,0,0,118,,,
Translate           ,-0.44,4.7,-1.95,,,,
,,,,,,,
,,,,,,,
CreateMeshBuilder,,;//?AÅ[?Ä?Œ?ﬂ?_,,,,,
Cylinder,4,0.025,0.025,1.6,,,
SetColor,100,100,100,,,,
Rotate,1,0,0.73,114.5,,,
Translate           ,0,4.68,-1.95,,,,
,,,,,,,
,,,,,,,
CreateMeshBuilder,,;//?AÅ[?Ä?Œ?ﬂ?_,,,,,
Cylinder,4,0.025,0.025,1.6,,,
SetColor,100,100,100,,,,
Rotate,1,0,0.7,68,,,
Translate           ,0,4.7,-3.3,,,,
,,,,,,,
,,,,,,,
CreateMeshBuilder,,;//?AÅ[?Ä?Œ?ﬂ?_,,,,,
Cylinder,4,0.025,0.025,1.15,,,
SetColor,100,100,100,,,,
Rotate,-1,0,-0.5,115,,,
Translate           ,-0.22,4.06,-1.8,,,,
,,,,,,,
,,,,,,,
CreateMeshBuilder,,;//?AÅ[?Ä?Œ?ﬂ?_,,,,,
Cylinder,4,0.025,0.025,1.15,,,
SetColor,100,100,100,,,,
Rotate,-1,0,0.5,115,,,
Translate           ,0.22,4.06,-1.8,,,,
,,,,,,,
,,,,,,,
CreateMeshBuilder,,;//?AÅ[?Ä?Œ?ﬂ?_,,,,,
Cylinder,4,0.025,0.025,1.15,,,
SetColor,100,100,100,,,,
Rotate,-1,0,0.5,65,,,
Translate           ,-0.22,4.06,-3.5,,,,
,,,,,,,
,,,,,,,
CreateMeshBuilder,,;//?AÅ[?Ä?Œ?ﬂ?_,,,,,
Cylinder,4,0.025,0.025,1.15,,,
SetColor,100,100,100,,,,
Rotate,-1,0,-0.5,65,,,
Translate           ,0.22,4.06,-3.5,,,,
,,,,,,,
,,,,,,,
CreateMeshBuilder,,;//?AÅ[?Ä,,,,,
Cylinder,4,0.025,0.025,0.95,,,
SetColor,100,100,100,,,,
Rotate,0,0,1,90,,,
Translate           ,0,5.05,-2.65,,,,
,,,,,,,
,,,,,,,
CreateMeshBuilder,,;//èWÅgd?Åh,,,,,
Cube,0.6,0.03,0.05,,,,
SetColor,50,50,50,,,,
Translate           ,0,5.07,-2.54,,,,
GenerateNormals,,,,,,,
,,,,,,,
,,,,,,,
CreateMeshBuilder,,;//èWÅgd?Åh,,,,,
Cube,0.6,0.03,0.05,,,,
SetColor,50,50,50,,,,
Translate           ,0,5.07,-2.76,,,,
GenerateNormals,,,,,,,
,,,,,,,
,,,,,,,
CreateMeshBuilder,,;//èWÅgd?Åh,,,,,
Cylinder,4,0.02,0.02,1.3,,,
SetColor,100,100,100,,,,
Rotate,0,0,1,90,,,
Translate           ,0,5.07,-2.54,,,,
,,,,,,,
,,,,,,,
CreateMeshBuilder,,;//èWÅgd?Åh,,,,,
Cylinder,4,0.02,0.02,0.35,,,
SetColor,100,100,100,,,,
Rotate,0,0,1,60,,,
Translate           ,0.78,4.99,-2.54,,,,
,,,,,,,
,,,,,,,
CreateMeshBuilder,,;//èWÅgd?Åh,,,,,
Cylinder,4,0.02,0.02,0.35,,,
SetColor,100,100,100,,,,
Rotate,0,0,1,300,,,
Translate           ,-0.78,4.99,-2.54,,,,
,,,,,,,
,,,,,,,
CreateMeshBuilder,,;//èWÅgd?Åh,,,,,
Cylinder,4,0.02,0.02,1.3,,,
SetColor,100,100,100,,,,
Rotate,0,0,1,90,,,
Translate           ,0,5.07,-2.76,,,,
,,,,,,,
,,,,,,,
CreateMeshBuilder,,;//èWÅgd?Åh,,,,,
Cylinder,4,0.02,0.02,0.35,,,
SetColor,100,100,100,,,,
Rotate,0,0,1,60,,,
Translate           ,0.78,4.99,-2.76,,,,
,,,,,,,
,,,,,,,
CreateMeshBuilder,,;//èWÅgd?Åh,,,,,
Cylinder,4,0.02,0.02,0.35,,,
SetColor,100,100,100,,,,
Rotate,0,0,1,300,,,
Translate           ,-0.78,4.99,-2.76,,,,
,,,,,,,
;------âe------,,,,,,,
CreateMeshBuilder,,;//âe,,,,,
AddVertex   ,-1.4,-0.1,-19.75,,,,
AddVertex   ,-1.4,-0.1,0.25,,,,
AddVertex   ,1.4,-0.1,0.25,,,,
AddVertex   ,1.4,-0.1,-19.75,,,,
AddFace,0,1,2,3,,,
SetColor,0,0,0,150,,,
GenerateNormals,,,,,,,
,,,,,,,
,,,,,,,
;ÅiÇbÅjÇQÇOÇOÇV ÇqÇnÇm,,,,,,,
;ÅiÇbÅjÇQÇOÇOÇV ÇqÇnÇm,,,,,,,
translateall,0,0,10,,,,
rotateall,0,1,0,180,,,
