;//ＪＲ東日本２０１系中央線（クハ２００）,,,,,,,
;------ボディ------,,,,,,,
CreateMeshBuilder,,;//前面上部,,,,,
AddVertex,-1.4,2,-19.45,,,,
AddVertex,-1.4,3.35,-19.45,,,,
AddVertex,-1.35,2,-19.5,,,,
AddVertex,-1.35,3.35,-19.5,,,,
AddVertex,-1.29,3.45,-19.5,,,,
AddVertex,-0.9,3.55,-19.5,,,,
AddVertex,0,3.62,-19.5,,,,
AddVertex,0.9,3.55,-19.5,,,,
AddVertex,1.29,3.45,-19.5,,,,
AddVertex,1.35,2,-19.5,,,,
AddVertex,1.35,3.35,-19.5,,,,
AddVertex,1.4,2,-19.45,,,,
AddVertex,1.4,3.35,-19.45,,,,
AddVertex,-1.37,3.4,-19.45,,,,
AddVertex,-1.3,3.5,-19.45,,,,
AddVertex,-0.9,3.605,-19.45,,,,
AddVertex,0,3.675,-19.45,,,,
AddVertex,0.9,3.605,-19.45,,,,
AddVertex,1.3,3.5,-19.45,,,,
AddVertex,1.37,3.4,-19.45,,,,
AddVertex,-1.35,2.05,-19.5,,,,
AddVertex,1.35,2.05,-19.5,,,,
AddVertex,-1.3,2,-19.5,,,,
AddVertex,1.3,2,-19.5,,,,
AddVertex,-1.32,2.05,-19.47,,,,
AddVertex,-1.3,3.35,-19.45,,,,
AddVertex,-1.27,3.41,-19.45,,,,
AddVertex,-0.9,3.51,-19.45,,,,
AddVertex,0,3.58,-19.45,,,,
AddVertex,0.9,3.51,-19.45,,,,
AddVertex,1.27,3.41,-19.45,,,,
AddVertex,1.3,3.35,-19.45,,,,
AddVertex,1.32,2.05,-19.47,,,,
AddVertex,-1.27,2.01,-19.47,,,,
AddVertex,1.27,2.01,-19.47,,,,
AddFace,20,3,25,24,,,
AddFace,3,4,26,25,,,
AddFace,26,4,5,27,,,
AddFace,27,5,6,28,,,
AddFace,28,6,7,29,,,
AddFace,29,7,8,30,,,
AddFace,30,8,10,31,,,
AddFace,32,31,10,9,,,
AddFace,22,20,24,33,,,
AddFace,22,33,34,23,,,
AddFace,23,34,32,21,,,
AddFace,0,1,3,2,,,
AddFace,1,13,3,,,,
AddFace,13,14,4,3,,,
AddFace,4,14,15,5,,,
AddFace,5,15,16,6,,,
AddFace,6,16,17,7,,,
AddFace,7,17,18,8,,,
AddFace,8,18,19,10,,,
AddFace,10,19,12,,,,
AddFace,9,10,12,11,,,
AddFace,2,20,22,,,,
AddFace,23,21,9,,,,
SetColor,255,107,58,,,,
GenerateNormals,,,,,,,
,,,,,,,
,,,,,,,
CreateMeshBuilder,,;//前面窓部,,,,,
AddVertex,-1.35,2,-19.47,,,,
AddVertex,-1.3,3.35,-19.45,,,,
AddVertex,1.35,2,-19.47,,,,
AddVertex,1.3,3.35,-19.45,,,,
AddVertex,-1.27,3.41,-19.45,,,,
AddVertex,-0.9,3.51,-19.45,,,,
AddVertex,0,3.58,-19.45,,,,
AddVertex,0.9,3.51,-19.45,,,,
AddVertex,1.27,3.41,-19.45,,,,
AddFace,0,1,3,2,,,
AddFace,1,4,8,3,,,
AddFace,4,5,7,8,,,
AddFace,5,6,7,,,,
GenerateNormals,,,,,,,
,,,,,,,
LoadTexture,front-window.bmp,,,,,,
SetTextureCoordinates,0,-0.015,1,,,,
SetTextureCoordinates,1,0.005,0.1455,,,,
SetTextureCoordinates,2,1.015,1,,,,
SetTextureCoordinates,3,0.995,0.1455,,,,
SetTextureCoordinates,4,0.01,0.1076,,,,
SetTextureCoordinates,5,0.1667,0.0443,,,,
SetTextureCoordinates,6,0.5,0,,,,
SetTextureCoordinates,7,0.8333,0.0443,,,,
SetTextureCoordinates,8,0.99,0.1076,,,,
setdecaltransparentcolor,0,0,255,,,,
,,,,,,,
CreateMeshBuilder,,;//ヘッドライト,,,,,
AddVertex,-0.4,3.22,-19.46,,,,
AddVertex,-0.4,3.5,-19.45,,,,
AddVertex,0.4,3.5,-19.45,,,,
AddVertex,0.4,3.22,-19.46,,,,
AddFace,0,1,2,3,,,
GenerateNormals,,,,,,,
,,,,,,,
LoadTexture,headlight-ON.bmp,,,,,,
SetTextureCoordinates,0,0,1,,,,
SetTextureCoordinates,1,0,0,,,,
SetTextureCoordinates,2,1,0,,,,
SetTextureCoordinates,3,1,1,,,,
,,,,,,,
,,,,,,,
CreateMeshBuilder,,;//前面方向幕,,,,,
AddVertex,0.5,3.11,-19.455,,,,
AddVertex,0.5,3.35,-19.45,,,,
AddVertex,1.12,3.35,-19.45,,,,
AddVertex,1.12,3.11,-19.455,,,,
AddFace,0,1,2,3,,,
GenerateNormals,,,,,,,
,,,,,,,
LoadTexture,ikisaki2.bmp,,,,,,
SetTextureCoordinates,0,0,1,,,,
SetTextureCoordinates,1,0,0,,,,
SetTextureCoordinates,2,1,0,,,,
SetTextureCoordinates,3,1,1,,,,
,,,,,,,
,,,,,,,
CreateMeshBuilder,,;//前面下部,,,,,
AddVertex,-1.4,1,-19.45,,,,
AddVertex,-1.4,2,-19.45,,,,
AddVertex,-1.35,1,-19.5,,,,
AddVertex,-1.35,2,-19.5,,,,
AddVertex,1.35,1,-19.5,,,,
AddVertex,1.35,2,-19.5,,,,
AddVertex,1.4,1,-19.45,,,,
AddVertex,1.4,2,-19.45,,,,
AddFace,0,1,3,2,,,
AddFace,2,3,5,4,,,
AddFace,4,5,7,6,,,
GenerateNormals,,,,,,,
,,,,,,,
LoadTexture,front.bmp,,,,,,
SetTextureCoordinates,0,0,0.995,,,,
SetTextureCoordinates,1,0,0.005,,,,
SetTextureCoordinates,2,0.005,0.995,,,,
SetTextureCoordinates,3,0.005,0.005,,,,
SetTextureCoordinates,4,0.995,0.995,,,,
SetTextureCoordinates,5,0.995,0.005,,,,
SetTextureCoordinates,6,1,0.995,,,,
SetTextureCoordinates,7,1,0.005,,,,
,,,,,,,
,,,,,,,
CreateMeshBuilder,,;//前面種別表示部上,,,,,
Cube,0.3,0.02,0.005,,,,
SetColor,245,100,58,,,,
Translate,0,1.94,-19.56,,,,
GenerateNormals,,,,,,,
,,,,,,,
,,,,,,,
CreateMeshBuilder,,;//前面種別表示部上,,,,,
Cube,0.22,0.02,0.005,,,,
SetColor,245,100,58,,,,
Translate,-0.55,1.94,-19.56,,,,
GenerateNormals,,,,,,,
,,,,,,,
,,,,,,,
CreateMeshBuilder,,;//前面種別表示部上,,,,,
Cube,0.22,0.02,0.005,,,,
SetColor,245,100,58,,,,
Translate,0.55,1.94,-19.56,,,,
GenerateNormals,,,,,,,
,,,,,,,
,,,,,,,
CreateMeshBuilder,,;//前面種別表示部,,,,,
AddVertex,-0.58,1.25,-19.55,,,,
AddVertex,-0.58,1.38,-19.57,,,,
AddVertex,-0.58,1.9,-19.57,,,,
AddVertex,0.58,1.25,-19.55,,,,
AddVertex,0.58,1.38,-19.57,,,,
AddVertex,0.58,1.9,-19.57,,,,
AddVertex,-0.58,1.25,-19.5,,,,
AddVertex,-0.58,1.38,-19.5,,,,
AddVertex,-0.58,1.9,-19.5,,,,
AddVertex,0.58,1.25,-19.5,,,,
AddVertex,0.58,1.38,-19.5,,,,
AddVertex,0.58,1.9,-19.5,,,,
AddFace,0,1,4,3,,,
AddFace,1,2,5,4,,,
AddFace,3,4,10,9,,,
AddFace,4,5,11,10,,,
AddFace,6,7,1,0,,,
AddFace,7,8,2,1,,,
AddFace,2,8,11,5,,,
AddFace,6,0,3,9,,,
GenerateNormals,,,,,,,
,,,,,,,
LoadTexture,shubetsu.bmp,,,,,,
SetTextureCoordinates,0,0,1,,,,
SetTextureCoordinates,1,0,0.8,,,,
SetTextureCoordinates,2,0,0,,,,
SetTextureCoordinates,3,1,1,,,,
SetTextureCoordinates,4,1,0.8,,,,
SetTextureCoordinates,5,1,0,,,,
SetTextureCoordinates,6,0,1,,,,
SetTextureCoordinates,7,0,0.8,,,,
SetTextureCoordinates,8,0,0,,,,
SetTextureCoordinates,9,1,1,,,,
SetTextureCoordinates,10,1,0.8,,,,
SetTextureCoordinates,11,1,0,,,,
,,,,,,,
,,,,,,,
CreateMeshBuilder,,;//前面ステップ,,,,,
AddVertex,-0.27,1.245,-19.5,,,,
AddVertex,-0.24,1.245,-19.63,,,,
AddVertex,0.24,1.245,-19.63,,,,
AddVertex,0.27,1.245,-19.5,,,,
AddVertex,-0.27,1.235,-19.5,,,,
AddVertex,-0.24,1.235,-19.63,,,,
AddVertex,0.24,1.235,-19.63,,,,
AddVertex,0.27,1.235,-19.5,,,,
AddFace,1,0,3,2,,,
AddFace,5,6,7,4,,,
AddFace,5,1,2,6,,,
AddFace,4,0,1,5,,,
AddFace,6,2,3,7,,,
SetColor,255,107,58,,,,
GenerateNormals,,,,,,,
,,,,,,,
,,,,,,,
CreateMeshBuilder,,;//テールランプ左,,,,,
Cylinder,16,0.08,0.08,0.07,,,
SetColor,255,107,58,,,,
Rotate,1,0,0,90,,,
Translate ,1.05,1.28,-19.5,,,,
,,,,,,,
,,,,,,,
CreateMeshBuilder,,;//テールランプ右,,,,,
Cylinder,16,0.08,0.08,0.07,,,
SetColor,255,107,58,,,,
Rotate,1,0,0,90,,,
Translate ,-1.05,1.28,-19.5,,,,
,,,,,,,
,,,,,,,
CreateMeshBuilder,,;//テールランプ,,,,,
AddVertex,0.99,1.22,-19.537,,,,
AddVertex,0.99,1.34,-19.537,,,,
AddVertex,1.11,1.34,-19.537,,,,
AddVertex,1.11,1.22,-19.537,,,,
AddVertex,-1.11,1.22,-19.537,,,,
AddVertex,-1.11,1.34,-19.537,,,,
AddVertex,-0.99,1.34,-19.537,,,,
AddVertex,-0.99,1.22,-19.537,,,,
AddFace,0,1,2,3,,,
AddFace,4,5,6,7,,,
GenerateNormals,,,,,,,
,,,,,,,
LoadTexture,taillamp-OFF.bmp,,,,,,
SetTextureCoordinates,0,0,1,,,,
SetTextureCoordinates,1,0,0,,,,
SetTextureCoordinates,2,1,0,,,,
SetTextureCoordinates,3,1,1,,,,
SetTextureCoordinates,4,0,1,,,,
SetTextureCoordinates,5,0,0,,,,
SetTextureCoordinates,6,1,0,,,,
SetTextureCoordinates,7,1,1,,,,
SetDecalTransparentColor,0,0,0,,,,
,,,,,,,
CreateMeshBuilder,,;//???ﾊ,,,,,
AddVertex,-1.4,1,0,,,,
AddVertex,-1.4,3.35,0,,,,
AddVertex,-1.37,1,0,,,,
AddVertex,-1.37,3.4,0,,,,
AddVertex,-1.3,1,0,,,,
AddVertex,-1.3,3.5,0,,,,
AddVertex,-0.9,1,0,,,,
AddVertex,-0.9,3.605,0,,,,
AddVertex,0,1,0,,,,
AddVertex,0,3.675,0,,,,
AddVertex,0.9,1,0,,,,
AddVertex,0.9,3.605,0,,,,
AddVertex,1.3,1,0,,,,
AddVertex,1.3,3.5,0,,,,
AddVertex,1.37,1,0,,,,
AddVertex,1.37,3.4,0,,,,
AddVertex,1.4,1,0,,,,
AddVertex,1.4,3.35,0,,,,
AddFace2,0,2,3,1,,,
AddFace2,2,4,5,3,,,
AddFace2,4,6,7,5,,,
AddFace2,6,8,9,7,,,
AddFace2,8,10,11,9,,,
AddFace2,10,12,13,11,,,
AddFace2,12,14,15,13,,,
AddFace2,14,16,17,15,,,
SetDecalTransparentColor,0,0,255,,,,
,,,,,,,
LoadTexture,blk.bmp,,,,,,
SetTextureCoordinates,0,0,0.998,,,,
SetTextureCoordinates,1,0.0107,0.162,,,,
SetTextureCoordinates,2,0.0107,0.996,,,,
SetTextureCoordinates,3,0.0107,0.146,,,,
SetTextureCoordinates,4,0.0357,0.996,,,,
SetTextureCoordinates,5,0.0357,0.111,,,,
SetTextureCoordinates,6,0.1785,0.997,,,,
SetTextureCoordinates,7,0.1785,0.075,,,,
SetTextureCoordinates,8,0.5,0.997,,,,
SetTextureCoordinates,9,0.5,0.05,,,,
SetTextureCoordinates,10,0.8215,0.998,,,,
SetTextureCoordinates,11,0.8215,0.075,,,,
SetTextureCoordinates,12,0.9643,0.998,,,,
SetTextureCoordinates,13,0.9643,0.113,,,,
SetTextureCoordinates,14,0.9893,0.998,,,,
SetTextureCoordinates,15,0.9893,0.148,,,,
SetTextureCoordinates,16,1,0.998,,,,
SetTextureCoordinates,17,0.9893,0.164,,,,
,,,,,,,
CreateMeshBuilder,,;//左側面,,,,,
AddVertex,1.4,1,-19.45,,,,
AddVertex,1.4,3.35,-19.45,,,,
AddVertex,1.4,3.35,0,,,,
AddVertex,1.4,1,0,,,,
AddFace,0,1,2,3,,,
GenerateNormals,,,,,,,
,,,,,,,
LoadTexture,side1.bmp,,,,,,
SetTextureCoordinates,0,0.0035,1,,,,
SetTextureCoordinates,1,0.0035,0,,,,
SetTextureCoordinates,2,1.002,0,,,,
SetTextureCoordinates,3,1.002,1,,,,
setdecaltransparentcolor,0,0,255,,,,
,,,,,,,
CreateMeshBuilder,,;//左側面転落防止幌,,,,,
AddVertex,1.39,1.27,0,,,,
AddVertex,1.39,2.42,0,,,,
AddVertex,1.39,2.42,0.2,,,,
AddVertex,1.39,1.27,0.2,,,,
AddFace2,0,1,2,3,,,
GenerateNormals,,,,,,,
,,,,,,,
LoadTexture,horo2.bmp,,,,,,
SetTextureCoordinates,0,0,1,,,,
SetTextureCoordinates,1,0,0,,,,
SetTextureCoordinates,2,1,0,,,,
SetTextureCoordinates,3,1,1,,,,
,,,,,,,
,,,,,,,
CreateMeshBuilder,,;//左側面方向幕,,,,,
AddVertex,1.405,3.04,-1.11,,,,
AddVertex,1.405,3.27,-1.11,,,,
AddVertex,1.405,3.27,-0.4,,,,
AddVertex,1.405,3.04,-0.4,,,,
AddFace,0,1,2,3,,,
GenerateNormals,,,,,,,
,,,,,,,
LoadTexture,ikisaki.bmp,,,,,,
SetTextureCoordinates,0,0,1,,,,
SetTextureCoordinates,1,0,0,,,,
SetTextureCoordinates,2,1,0,,,,
SetTextureCoordinates,3,1,1,,,,
,,,,,,,
,,,,,,,
CreateMeshBuilder,,;//右側面,,,,,
AddVertex,-1.4,1,-19.45,,,,
AddVertex,-1.4,3.35,-19.45,,,,
AddVertex,-1.4,3.35,0,,,,
AddVertex,-1.4,1,0,,,,
AddFace,0,3,2,1,,,
GenerateNormals,,,,,,,
,,,,,,,
LoadTexture,side1-2.bmp,,,,,,
SetTextureCoordinates,0,0.0035,1,,,,
SetTextureCoordinates,1,0.0035,0,,,,
SetTextureCoordinates,2,1.002,0,,,,
SetTextureCoordinates,3,1.002,1,,,,
setdecaltransparentcolor,0,0,255,,,,
,,,,,,,
CreateMeshBuilder,,;//右側面転落防止幌,,,,,
AddVertex,-1.39,1.27,0,,,,
AddVertex,-1.39,2.42,0,,,,
AddVertex,-1.39,2.42,0.2,,,,
AddVertex,-1.39,1.27,0.2,,,,
AddFace2,0,1,2,3,,,
GenerateNormals,,,,,,,
,,,,,,,
LoadTexture,horo2.bmp,,,,,,
SetTextureCoordinates,0,0,1,,,,
SetTextureCoordinates,1,0,0,,,,
SetTextureCoordinates,2,1,0,,,,
SetTextureCoordinates,3,1,1,,,,
,,,,,,,
,,,,,,,
CreateMeshBuilder,,;//右側面方向幕,,,,,
AddVertex,-1.405,3.04,-1.11,,,,
AddVertex,-1.405,3.27,-1.11,,,,
AddVertex,-1.405,3.27,-0.4,,,,
AddVertex,-1.405,3.04,-0.4,,,,
AddFace,0,3,2,1,,,
Translate,0,0,-14.3,,,,
GenerateNormals,,,,,,,
,,,,,,,
LoadTexture,ikisaki.bmp,,,,,,
SetTextureCoordinates,0,1,1,,,,
SetTextureCoordinates,1,1,0,,,,
SetTextureCoordinates,2,0,0,,,,
SetTextureCoordinates,3,0,1,,,,
,,,,,,,
,,,,,,,
CreateMeshBuilder,,;//底面,,,,,
AddVertex     ,-1.4,1,-19.45,,,,
AddVertex     ,-1.4,1,0,,,,
AddVertex     ,1.4,1,0,,,,
AddVertex     ,1.4,1,-19.45,,,,
AddVertex     ,-1.35,1,-19.5,,,,
AddVertex     ,1.35,1,-19.5,,,,
AddFace,0,3,2,1,,,
AddFace,4,5,3,0,,,
SetColor,0,0,0,,,,
GenerateNormals,,,,,,,
,,,,,,,
,,,,,,,
;------屋根------,,,,,,,
CreateMeshBuilder,,;//屋根,,,,,
AddVertex,-1.4,3.35,-19.45,,,,
AddVertex,-1.4,3.35,0,,,,
AddVertex,-1.37,3.4,-19.45,,,,
AddVertex,-1.37,3.4,0,,,,
AddVertex,-1.3,3.5,-19.45,,,,
AddVertex,-1.3,3.5,0,,,,
AddVertex,-0.9,3.605,-19.45,,,,
AddVertex,-0.9,3.605,0,,,,
AddVertex,0,3.675,-19.45,,,,
AddVertex,0,3.675,0,,,,
AddVertex,0.9,3.605,-19.45,,,,
AddVertex,0.9,3.605,0,,,,
AddVertex,1.3,3.5,-19.45,,,,
AddVertex,1.3,3.5,0,,,,
AddVertex,1.37,3.4,-19.45,,,,
AddVertex,1.37,3.4,0,,,,
AddVertex,1.4,3.35,-19.45,,,,
AddVertex,1.4,3.35,0,,,,
AddFace,0,1,3,2,,,
AddFace,2,3,5,4,,,
AddFace,4,5,7,6,,,
AddFace,6,7,9,8,,,
AddFace,8,9,11,10,,,
AddFace,10,11,13,12,,,
AddFace,12,13,15,14,,,
AddFace,14,15,17,16,,,
GenerateNormals,,,,,,,
,,,,,,,
LoadTexture,yane.bmp,,,,,,
SetTextureCoordinates,0,0,1,,,,
SetTextureCoordinates,1,0,0,,,,
SetTextureCoordinates,2,0.03,1,,,,
SetTextureCoordinates,3,0.03,0,,,,
SetTextureCoordinates,4,0.2,1,,,,
SetTextureCoordinates,5,0.2,0,,,,
SetTextureCoordinates,6,0.35,1,,,,
SetTextureCoordinates,7,0.35,0,,,,
SetTextureCoordinates,8,0.5,1,,,,
SetTextureCoordinates,9,0.5,0,,,,
SetTextureCoordinates,10,0.65,1,,,,
SetTextureCoordinates,11,0.65,0,,,,
SetTextureCoordinates,12,0.8,1,,,,
SetTextureCoordinates,13,0.8,0,,,,
SetTextureCoordinates,14,0.97,1,,,,
SetTextureCoordinates,15,0.97,0,,,,
SetTextureCoordinates,16,1,1,,,,
SetTextureCoordinates,17,1,0,,,,
,,,,,,,
,,,,,,,
CreateMeshBuilder,,;//屋根,,,,,
AddVertex,-1.39,3.35,-12.2,,,,
AddVertex,-1.39,3.35,-7.35,,,,
AddVertex,1.39,3.35,-12.2,,,,
AddVertex,1.39,3.35,-7.35,,,,
AddVertex,-1.3,3.55,-12.2,,,,
AddVertex,-1.3,3.55,-7.35,,,,
AddVertex,1.3,3.55,-12.2,,,,
AddVertex,1.3,3.55,-7.35,,,,
AddFace,4,5,7,6,,,
AddFace,2,6,7,3,,,
AddFace,0,1,5,4,,,
AddFace,0,4,6,2,,,
AddFace,1,3,7,5,,,
SetColor,120,120,120,,,,
GenerateNormals,,,,,,,
,,,,,,,
,,,,,,,
;------屋根上機器------,,,,,,,
CreateMeshBuilder,,;//クーラー,,,,,
AddVertex,-0.9,3.6,-11.6,,,,
AddVertex,-0.9,3.6,-8,,,,
AddVertex,-0.9,3.77,-11.6,,,,
AddVertex,-0.9,3.77,-8,,,,
AddVertex,-0.5,3.97,-11.6,,,,
AddVertex,-0.5,3.97,-8,,,,
AddVertex,0,4.02,-11.6,,,,
AddVertex,0,4.02,-8,,,,
AddVertex,0.5,3.97,-11.6,,,,
AddVertex,0.5,3.97,-8,,,,
AddVertex,0.9,3.77,-11.6,,,,
AddVertex,0.9,3.77,-8,,,,
AddVertex,0.9,3.6,-11.6,,,,
AddVertex,0.9,3.6,-8,,,,
AddFace,0,1,3,2,,,
AddFace,2,3,5,4,,,
AddFace,4,5,7,6,,,
AddFace,6,7,9,8,,,
AddFace,8,9,11,10,,,
AddFace,10,11,13,12,,,
GenerateNormals,,,,,,,
,,,,,,,
LoadTexture,cooler.bmp,,,,,,
SetTextureCoordinates,0,1,1,,,,
SetTextureCoordinates,1,0,1,,,,
SetTextureCoordinates,2,1,0.935,,,,
SetTextureCoordinates,3,0,0.935,,,,
SetTextureCoordinates,4,1,0.65,,,,
SetTextureCoordinates,5,0,0.65,,,,
SetTextureCoordinates,6,1,0.5,,,,
SetTextureCoordinates,7,0,0.5,,,,
SetTextureCoordinates,8,1,0.35,,,,
SetTextureCoordinates,9,0,0.35,,,,
SetTextureCoordinates,10,1,0.065,,,,
SetTextureCoordinates,11,0,0.065,,,,
SetTextureCoordinates,12,1,0,,,,
SetTextureCoordinates,13,0,0,,,,
,,,,,,,
,,,,,,,
CreateMeshBuilder,,;//クーラー,,,,,
AddVertex ,-0.9,3.6,-11.6,,,,
AddVertex ,-0.9,3.77,-11.6,,,,
AddVertex ,-0.5,3.97,-11.6,,,,
AddVertex ,0,4.02,-11.6,,,,
AddVertex ,0.5,3.97,-11.6,,,,
AddVertex ,0.9,3.8,-11.6,,,,
AddVertex ,0.9,3.6,-11.6,,,,
AddVertex ,-0.9,3.6,-8,,,,
AddVertex ,-0.9,3.77,-8,,,,
AddVertex ,-0.5,3.97,-8,,,,
AddVertex ,0,4.02,-8,,,,
AddVertex ,0.5,3.97,-8,,,,
AddVertex ,0.9,3.8,-8,,,,
AddVertex ,0.9,3.6,-8,,,,
AddFace2,0,1,2,3,4,5,6
AddFace2,7,8,9,10,11,12,13
SetColor,200,200,200,,,,
GenerateNormals,,,,,,,
,,,,,,,
,,,,,,,
CreateMeshBuilder,,;//ベンチレータ,,,,,
AddVertex,-0.35,3.6,-16.65,,,,
AddVertex,-0.35,3.87,-16.65,,,,
AddVertex,0.05,3.87,-16.65,,,,
AddVertex,0.05,3.6,-16.65,,,,
AddVertex,-0.35,3.6,-15.85,,,,
AddVertex,-0.35,3.87,-15.85,,,,
AddVertex,0.05,3.87,-15.85,,,,
AddVertex,0.05,3.6,-15.85,,,,
AddVertex,-0.32,3.9,-16.65,,,,
AddVertex,-0.32,3.9,-15.85,,,,
AddVertex,0.02,3.9,-15.85,,,,
AddVertex,0.02,3.9,-16.65,,,,
AddFace,0,1,2,3,,,
AddFace,4,7,6,5,,,
AddFace,8,9,10,11,,,
AddFace,1,8,11,2,,,
AddFace,5,6,10,9,,,
AddFace,2,11,10,6,,,
AddFace,1,5,9,8,,,
AddFace,3,2,6,7,,,
AddFace,0,4,5,1,,,
Translate,0,0,0.7,,,,
SetColor,150,150,150,,,,
GenerateNormals,,,,,,,
,,,,,,,
,,,,,,,
CreateMeshBuilder,,;//ベンチレータ,,,,,
AddVertex,-0.35,3.6,-16.65,,,,
AddVertex,-0.35,3.87,-16.65,,,,
AddVertex,0.05,3.87,-16.65,,,,
AddVertex,0.05,3.6,-16.65,,,,
AddVertex,-0.35,3.6,-15.85,,,,
AddVertex,-0.35,3.87,-15.85,,,,
AddVertex,0.05,3.87,-15.85,,,,
AddVertex,0.05,3.6,-15.85,,,,
AddVertex,-0.32,3.9,-16.65,,,,
AddVertex,-0.32,3.9,-15.85,,,,
AddVertex,0.02,3.9,-15.85,,,,
AddVertex,0.02,3.9,-16.65,,,,
AddFace,0,1,2,3,,,
AddFace,4,7,6,5,,,
AddFace,8,9,10,11,,,
AddFace,1,8,11,2,,,
AddFace,5,6,10,9,,,
AddFace,2,11,10,6,,,
AddFace,1,5,9,8,,,
AddFace,3,2,6,7,,,
AddFace,0,4,5,1,,,
Translate,0.4,0,2.85,,,,
SetColor,150,150,150,,,,
GenerateNormals,,,,,,,
,,,,,,,
,,,,,,,
CreateMeshBuilder,,;//ベンチレータ,,,,,
AddVertex,-0.35,3.6,-16.65,,,,
AddVertex,-0.35,3.87,-16.65,,,,
AddVertex,0.05,3.87,-16.65,,,,
AddVertex,0.05,3.6,-16.65,,,,
AddVertex,-0.35,3.6,-15.85,,,,
AddVertex,-0.35,3.87,-15.85,,,,
AddVertex,0.05,3.87,-15.85,,,,
AddVertex,0.05,3.6,-15.85,,,,
AddVertex,-0.32,3.9,-16.65,,,,
AddVertex,-0.32,3.9,-15.85,,,,
AddVertex,0.02,3.9,-15.85,,,,
AddVertex,0.02,3.9,-16.65,,,,
AddFace,0,1,2,3,,,
AddFace,4,7,6,5,,,
AddFace,8,9,10,11,,,
AddFace,1,8,11,2,,,
AddFace,5,6,10,9,,,
AddFace,2,11,10,6,,,
AddFace,1,5,9,8,,,
AddFace,3,2,6,7,,,
AddFace,0,4,5,1,,,
Translate,0,0,10.3,,,,
SetColor,150,150,150,,,,
GenerateNormals,,,,,,,
,,,,,,,
,,,,,,,
CreateMeshBuilder,,;//ベンチレータ,,,,,
AddVertex,-0.35,3.6,-16.65,,,,
AddVertex,-0.35,3.87,-16.65,,,,
AddVertex,0.05,3.87,-16.65,,,,
AddVertex,0.05,3.6,-16.65,,,,
AddVertex,-0.35,3.6,-15.85,,,,
AddVertex,-0.35,3.87,-15.85,,,,
AddVertex,0.05,3.87,-15.85,,,,
AddVertex,0.05,3.6,-15.85,,,,
AddVertex,-0.32,3.9,-16.65,,,,
AddVertex,-0.32,3.9,-15.85,,,,
AddVertex,0.02,3.9,-15.85,,,,
AddVertex,0.02,3.9,-16.65,,,,
AddFace,0,1,2,3,,,
AddFace,4,7,6,5,,,
AddFace,8,9,10,11,,,
AddFace,1,8,11,2,,,
AddFace,5,6,10,9,,,
AddFace,2,11,10,6,,,
AddFace,1,5,9,8,,,
AddFace,3,2,6,7,,,
AddFace,0,4,5,1,,,
Translate,0.4,0,12.45,,,,
SetColor,150,150,150,,,,
GenerateNormals,,,,,,,
,,,,,,,
,,,,,,,
CreateMeshBuilder,,;//ベンチレータ,,,,,
AddVertex,-0.35,3.6,-16.65,,,,
AddVertex,-0.35,3.87,-16.65,,,,
AddVertex,0.05,3.87,-16.65,,,,
AddVertex,0.05,3.6,-16.65,,,,
AddVertex,-0.35,3.6,-15.85,,,,
AddVertex,-0.35,3.87,-15.85,,,,
AddVertex,0.05,3.87,-15.85,,,,
AddVertex,0.05,3.6,-15.85,,,,
AddVertex,-0.32,3.9,-16.65,,,,
AddVertex,-0.32,3.9,-15.85,,,,
AddVertex,0.02,3.9,-15.85,,,,
AddVertex,0.02,3.9,-16.65,,,,
AddFace,0,1,2,3,,,
AddFace,4,7,6,5,,,
AddFace,8,9,10,11,,,
AddFace,1,8,11,2,,,
AddFace,5,6,10,9,,,
AddFace,2,11,10,6,,,
AddFace,1,5,9,8,,,
AddFace,3,2,6,7,,,
AddFace,0,4,5,1,,,
Translate,0,0,15.5,,,,
SetColor,150,150,150,,,,
GenerateNormals,,,,,,,
,,,,,,,
,,,,,,,
CreateMeshBuilder,,;//アンテナ台,,,,,
AddVertex ,-0.17,3.65,-19.87,,,,
AddVertex ,-0.17,3.65,-19.53,,,,
AddVertex ,0.17,3.65,-19.53,,,,
AddVertex ,0.17,3.65,-19.87,,,,
AddVertex ,-0.17,3.5,-19.87,,,,
AddVertex ,-0.17,3.5,-19.53,,,,
AddVertex ,0.17,3.5,-19.53,,,,
AddVertex ,0.17,3.5,-19.87,,,,
AddFace2,0,1,2,3,,,
AddFace2,7,3,2,6,,,
AddFace2,4,0,1,5,,,
Translate,0,0.06,1,,,,
SetColor,150,150,150,,,,
GenerateNormals,,,,,,,
,,,,,,,
,,,,,,,
CreateMeshBuilder,,;//アンテナ,,,,,
Cylinder,6,0.065,0.07,0.22,,,
Translate  ,0,3.82,-18.7,,,,
SetColor,150,150,150,,,,
,,,,,,,
,,,,,,,
CreateMeshBuilder,,;//屋根上機器,,,,,
Cylinder,6,0.045,0.045,0.4,,,
Translate  ,0.63,3.64,-18.97,,,,
SetColor,150,150,150,,,,
,,,,,,,
,,,,,,,
CreateMeshBuilder,,;//屋根上機器,,,,,
Cylinder,6,0.02,0.05,0.03,,,
Translate  ,0.63,3.85,-18.97,,,,
SetColor,30,30,30,,,,
,,,,,,,
,,,,,,,
CreateMeshBuilder,,;//屋根上機器,,,,,
Cylinder,6,0.08,0.085,0.05,,,
Translate  ,0.63,3.78,-18.97,,,,
SetColor,170,170,170,,,,
,,,,,,,
,,,,,,,
;------スカート------,,,,,,,
CreateMeshBuilder,,;//スカート,,,,,
AddVertex,-0.42,0,-19.53,,,,
AddVertex,-0.42,1.1,-19.53,,,,
AddVertex,0.42,0,-19.53,,,,
AddVertex,0.42,1.1,-19.53,,,,
AddVertex,-1.37,0,-19.4,,,,
AddVertex,-1.37,1.1,-19.4,,,,
AddVertex,1.37,0,-19.4,,,,
AddVertex,1.37,1.1,-19.4,,,,
AddFace,0,1,3,2,,,
AddFace,4,5,1,0,,,
AddFace,2,3,7,6,,,
GenerateNormals,,,,,,,
,,,,,,,
LoadTexture,skart.bmp,,,,,,
SetTextureCoordinates,0,0.33,0.85,,,,
SetTextureCoordinates,1,0.33,0,,,,
SetTextureCoordinates,2,0.67,0.85,,,,
SetTextureCoordinates,3,0.67,0,,,,
SetTextureCoordinates,4,0.016,0.85,,,,
SetTextureCoordinates,5,0.016,0,,,,
SetTextureCoordinates,6,0.98,0.85,,,,
SetTextureCoordinates,7,0.98,0,,,,
SetDecalTransparentColor,0,0,0,,,,
,,,,,,,
,,,,,,,
CreateMeshBuilder,,;//スカート裏,,,,,
AddVertex,-0.42,0,-19.53,,,,
AddVertex,-0.42,1.1,-19.53,,,,
AddVertex,0.42,0,-19.53,,,,
AddVertex,0.42,1.1,-19.53,,,,
AddVertex,-1.37,0,-19.4,,,,
AddVertex,-1.37,1.1,-19.4,,,,
AddVertex,1.37,0,-19.4,,,,
AddVertex,1.37,1.1,-19.4,,,,
AddFace,0,2,3,1,,,
AddFace,4,0,1,5,,,
AddFace,2,6,7,3,,,
SetColor,50,50,50,,,,
GenerateNormals,,,,,,,
,,,,,,,
LoadTexture,skart.bmp,,,,,,
SetTextureCoordinates,0,0.33,0.85,,,,
SetTextureCoordinates,1,0.33,0,,,,
SetTextureCoordinates,2,0.67,0.85,,,,
SetTextureCoordinates,3,0.67,0,,,,
SetTextureCoordinates,4,0.016,0.85,,,,
SetTextureCoordinates,5,0.016,0,,,,
SetTextureCoordinates,6,0.98,0.85,,,,
SetTextureCoordinates,7,0.98,0,,,,
SetDecalTransparentColor,0,0,0,,,,
,,,,,,,
,,,,,,,
CreateMeshBuilder,,;//スカート,,,,,
AddVertex,1.04,0.26,-19.445,,,,
AddVertex,1.04,0.26,-19.2,,,,
AddVertex,1.325,0.5,-19.41,,,,
AddVertex,1.325,0.5,-19.1,,,,
AddVertex,1.325,1,-19.41,,,,
AddVertex,1.325,1,-18.87,,,,
AddFace,0,2,3,1,,,
AddFace,2,4,5,3,,,
GenerateNormals,,,,,,,
,,,,,,,
LoadTexture,skart2.bmp,,,,,,
SetTextureCoordinates,0,0,1,,,,
SetTextureCoordinates,1,1,1,,,,
SetTextureCoordinates,2,0,0.7,,,,
SetTextureCoordinates,3,1,0.7,,,,
SetTextureCoordinates,4,0,0.01,,,,
SetTextureCoordinates,5,1,0.01,,,,
SetDecalTransparentColor,0,0,0,,,,
,,,,,,,
,,,,,,,
CreateMeshBuilder,,;//スカート裏,,,,,
AddVertex,1.04,0.26,-19.445,,,,
AddVertex,1.04,0.26,-19.2,,,,
AddVertex,1.325,0.5,-19.41,,,,
AddVertex,1.325,0.5,-19.1,,,,
AddVertex,1.325,1,-19.41,,,,
AddVertex,1.325,1,-18.87,,,,
AddFace,0,1,3,2,,,
AddFace,2,3,5,4,,,
SetColor,50,50,50,,,,
GenerateNormals,,,,,,,
,,,,,,,
LoadTexture,skart2.bmp,,,,,,
SetTextureCoordinates,0,0,1,,,,
SetTextureCoordinates,1,1,1,,,,
SetTextureCoordinates,2,0,0.7,,,,
SetTextureCoordinates,3,1,0.7,,,,
SetTextureCoordinates,4,0,0.01,,,,
SetTextureCoordinates,5,1,0.01,,,,
SetDecalTransparentColor,0,0,0,,,,
,,,,,,,
,,,,,,,
CreateMeshBuilder,,;//スカート,,,,,
AddVertex,-1.04,0.26,-19.445,,,,
AddVertex,-1.04,0.26,-19.15,,,,
AddVertex,-1.325,0.5,-19.41,,,,
AddVertex,-1.325,0.5,-18.87,,,,
AddVertex,-1.325,1,-19.41,,,,
AddVertex,-1.325,1,-18.87,,,,
AddFace,0,1,3,2,,,
AddFace,2,3,5,4,,,
GenerateNormals,,,,,,,
,,,,,,,
LoadTexture,skart3.bmp,,,,,,
SetTextureCoordinates,0,0,1,,,,
SetTextureCoordinates,1,1,1,,,,
SetTextureCoordinates,2,0,0.695,,,,
SetTextureCoordinates,3,1,0.695,,,,
SetTextureCoordinates,4,0,0.01,,,,
SetTextureCoordinates,5,1,0.01,,,,
SetDecalTransparentColor,0,0,0,,,,
,,,,,,,
,,,,,,,
CreateMeshBuilder,,;//スカート裏,,,,,
AddVertex,-1.04,0.26,-19.445,,,,
AddVertex,-1.04,0.26,-19.15,,,,
AddVertex,-1.325,0.5,-19.41,,,,
AddVertex,-1.325,0.5,-18.87,,,,
AddVertex,-1.325,1,-19.41,,,,
AddVertex,-1.325,1,-18.87,,,,
AddFace,0,2,3,1,,,
AddFace,2,4,5,3,,,
SetColor,50,50,50,,,,
GenerateNormals,,,,,,,
,,,,,,,
LoadTexture,skart3.bmp,,,,,,
SetTextureCoordinates,0,0,1,,,,
SetTextureCoordinates,1,1,1,,,,
SetTextureCoordinates,2,0,0.695,,,,
SetTextureCoordinates,3,1,0.695,,,,
SetTextureCoordinates,4,0,0.01,,,,
SetTextureCoordinates,5,1,0.01,,,,
SetDecalTransparentColor,0,0,0,,,,
,,,,,,,
,,,,,,,
;------連結器------,,,,,,,
CreateMeshBuilder,,;//連結器取付け部,,,,,
AddVertex,-0.57,1,-19.47,,,,
AddVertex,0.57,1,-19.47,,,,
AddVertex,0.57,0.62,-19.47,,,,
AddVertex,-0.57,0.62,-19.47,,,,
AddVertex,0.53,0.62,-19.47,,,,
AddVertex,0.53,1,-19.47,,,,
AddVertex,0.53,1,-19.38,,,,
AddVertex,0.53,0.62,-19.38,,,,
AddVertex,-0.53,0.62,-19.48,,,,
AddVertex,-0.53,1,-19.48,,,,
AddVertex,-0.53,1,-19.38,,,,
AddVertex,-0.53,0.62,-19.38,,,,
AddFace,0,1,2,3,,,
AddFace,4,5,6,7,,,
AddFace,8,11,10,9,,,
GenerateNormals,,,,,,,
,,,,,,,
LoadTexture,front-under.bmp,,,,,,
SetTextureCoordinates,0,0,0.005,,,,
SetTextureCoordinates,1,1,0.005,,,,
SetTextureCoordinates,2,1,0.995,,,,
SetTextureCoordinates,3,0,0.995,,,,
SetTextureCoordinates,4,0.955,0.995,,,,
SetTextureCoordinates,5,0.955,0.005,,,,
SetTextureCoordinates,6,0.955,0.005,,,,
SetTextureCoordinates,7,0.955,0.995,,,,
SetTextureCoordinates,8,0.955,0.995,,,,
SetTextureCoordinates,9,0.955,0.005,,,,
SetTextureCoordinates,10,0.955,0.005,,,,
SetTextureCoordinates,11,0.955,0.995,,,,
SetDecalTransparentColor,0,0,0,,,,
,,,,,,,
,,,,,,,
CreateMeshBuilder,,;//連結器正面,,,,,
AddVertex,-0.2,1.03,-19.75,,,,
AddVertex,0.2,1.03,-19.75,,,,
AddVertex,0.2,0.73,-19.75,,,,
AddVertex,-0.2,0.73,-19.75,,,,
AddFace,0,1,2,3,,,
GenerateNormals,,,,,,,
,,,,,,,
LoadTexture,renketsuki.bmp,,,,,,
SetTextureCoordinates,0,0,0,,,,
SetTextureCoordinates,1,1,0,,,,
SetTextureCoordinates,2,1,1,,,,
SetTextureCoordinates,3,0,1,,,,
SetDecalTransparentColor,0,0,0,,,,
,,,,,,,
,,,,,,,
CreateMeshBuilder,,;//連結器正面,,,,,
AddVertex,-0.13,0.98,-19.75,,,,
AddVertex,-0.01,0.98,-19.75,,,,
AddVertex,-0.06,0.895,-19.88,,,,
AddVertex,-0.01,0.81,-19.75,,,,
AddVertex,-0.13,0.81,-19.75,,,,
AddFace,0,1,2,,,,
AddFace,2,3,4,,,,
AddFace,3,2,1,,,,
AddFace,0,2,4,,,,
Translate,0,-0.015,0,,,,
GenerateNormals,,,,,,,
,,,,,,,
LoadTexture,renketsuki2.bmp,,,,,,
SetTextureCoordinates,0,0,0,,,,
SetTextureCoordinates,1,1,0,,,,
SetTextureCoordinates,2,0.5,0.5,,,,
SetTextureCoordinates,3,1,1,,,,
SetTextureCoordinates,4,0,1,,,,
,,,,,,,
,,,,,,,
CreateMeshBuilder,,;//連結器,,,,,
AddVertex,-0.17,1.03,-19.75,,,,
AddVertex,0.17,1.03,-19.75,,,,
AddVertex,0.17,0.76,-19.75,,,,
AddVertex,-0.17,0.76,-19.75,,,,
AddVertex,-0.1,1,-19.57,,,,
AddVertex,0.1,1,-19.57,,,,
AddVertex,0.1,0.8,-19.57,,,,
AddVertex,-0.1,0.8,-19.57,,,,
AddFace,2,1,5,6,,,
AddFace,3,7,4,0,,,
AddFace,1,0,4,5,,,
AddFace,2,6,7,3,,,
SetColor,40,35,35,,,,
Translate,0,-0.015,0,,,,
GenerateNormals,,,,,,,
,,,,,,,
,,,,,,,
CreateMeshBuilder,,;//連結器,,,,,
Cube,0.1,0.1,0.3,,,,
SetColor,40,35,35,,,,
Translate,0,0.88,-19.3,,,,
GenerateNormals,,,,,,,
,,,,,,,
,,,,,,,
CreateMeshBuilder,,;//後面連結器,,,,,
AddVertex,-0.18,1,0.25,,,,
AddVertex,0.18,1,0.25,,,,
AddVertex,0.18,0.7,0.25,,,,
AddVertex,-0.18,0.7,0.25,,,,
AddVertex,-0.18,1,0.005,,,,
AddVertex,0.18,1,0.005,,,,
AddVertex,0.18,0.7,0.005,,,,
AddVertex,-0.18,0.7,0.005,,,,
AddFace,0,1,5,4,,,
AddFace,2,6,5,1,,,
AddFace,3,0,4,7,,,
AddFace,2,1,0,3,,,
SetColor,25,25,25,,,,
GenerateNormals,,,,,,,
,,,,,,,
,,,,,,,
CreateMeshBuilder,,;//ジャンパ栓,,,,,
AddVertex,0.65,1,-19.45,,,,
AddVertex,1.03,1,-19.45,,,,
AddVertex,1.03,0.6,-19.45,,,,
AddVertex,0.65,0.6,-19.45,,,,
AddFace,0,1,2,3,,,
Translate,-1.58,0,0,,,,
GenerateNormals,,,,,,,
,,,,,,,
LoadTexture,plug.bmp,,,,,,
SetTextureCoordinates,0,0,0,,,,
SetTextureCoordinates,1,1,0,,,,
SetTextureCoordinates,2,1,1,,,,
SetTextureCoordinates,3,0,1,,,,
SetDecalTransparentColor,0,0,0,,,,
,,,,,,,
,,,,,,,
CreateMeshBuilder,,;//ジャンパ栓,,,,,
AddVertex,0.7,1,-19.45,,,,
AddVertex,1.03,1,-19.45,,,,
AddVertex,1.03,0.6,-19.45,,,,
AddVertex,0.7,0.6,-19.45,,,,
AddFace,0,1,2,3,,,
Translate,0.05,0,0,,,,
GenerateNormals,,,,,,,
,,,,,,,
LoadTexture,plug.bmp,,,,,,
SetTextureCoordinates,0,0,0,,,,
SetTextureCoordinates,1,1,0,,,,
SetTextureCoordinates,2,1,1,,,,
SetTextureCoordinates,3,0,1,,,,
SetDecalTransparentColor,0,0,0,,,,
,,,,,,,
,,,,,,,
;------台車(前）------,,,,,,,
CreateMeshBuilder,,;//車輪左前,,,,,
Cylinder,16,0.48,0.45,0.07,,,
SetColor,20,20,10,,,,
Rotate,0,0,1,90,,,
Translate ,0.56,0.45,-17.8,,,,
,,,,,,,
,,,,,,,
CreateMeshBuilder,,;//車輪左前,,,,,
AddVertex   ,0.6,0,-18.25,,,,
AddVertex   ,0.6,0.9,-18.25,,,,
AddVertex   ,0.6,0.9,-17.35,,,,
AddVertex   ,0.6,0,-17.35,,,,
AddFace,0,1,2,3,,,
GenerateNormals,,,,,,,
,,,,,,,
LoadTexture,sharin.bmp,,,,,,
SetTextureCoordinates,0,0,1,,,,
SetTextureCoordinates,1,0,0,,,,
SetTextureCoordinates,2,1,0,,,,
SetTextureCoordinates,3,1,1,,,,
SetDecalTransparentColor,0,0,0,,,,
,,,,,,,
,,,,,,,
CreateMeshBuilder,,;//車輪左後,,,,,
Cylinder,16,0.48,0.45,0.07,,,
SetColor,20,20,10,,,,
Rotate,0,0,1,90,,,
Translate ,0.56,0.45,-15.7,,,,
,,,,,,,
,,,,,,,
CreateMeshBuilder,,;//車輪左後,,,,,
AddVertex   ,0.6,0,-16.15,,,,
AddVertex   ,0.6,0.9,-16.15,,,,
AddVertex   ,0.6,0.9,-15.25,,,,
AddVertex   ,0.6,0,-15.25,,,,
AddFace,0,1,2,3,,,
GenerateNormals,,,,,,,
,,,,,,,
LoadTexture,sharin.bmp,,,,,,
SetTextureCoordinates,0,0,1,,,,
SetTextureCoordinates,1,0,0,,,,
SetTextureCoordinates,2,1,0,,,,
SetTextureCoordinates,3,1,1,,,,
SetDecalTransparentColor,0,0,0,,,,
,,,,,,,
,,,,,,,
CreateMeshBuilder,,;//車輪右前,,,,,
Cylinder,16,0.45,0.48,0.07,,,
SetColor,20,20,10,,,,
Rotate,0,0,1,90,,,
Translate ,-0.56,0.45,-17.8,,,,
,,,,,,,
,,,,,,,
CreateMeshBuilder,,;//車輪右前,,,,,
AddVertex   ,-0.6,0,-18.25,,,,
AddVertex   ,-0.6,0.9,-18.25,,,,
AddVertex   ,-0.6,0.9,-17.35,,,,
AddVertex   ,-0.6,0,-17.35,,,,
AddFace,0,3,2,1,,,
GenerateNormals,,,,,,,
,,,,,,,
LoadTexture,sharin.bmp,,,,,,
SetTextureCoordinates,0,0,1,,,,
SetTextureCoordinates,1,0,0,,,,
SetTextureCoordinates,2,1,0,,,,
SetTextureCoordinates,3,1,1,,,,
SetDecalTransparentColor,0,0,0,,,,
,,,,,,,
,,,,,,,
CreateMeshBuilder,,;//車輪右後,,,,,
Cylinder,16,0.45,0.48,0.07,,,
SetColor,20,20,10,,,,
Rotate,0,0,1,90,,,
Translate ,-0.56,0.45,-15.7,,,,
,,,,,,,
,,,,,,,
CreateMeshBuilder,,;//車輪右後,,,,,
AddVertex   ,-0.6,0,-16.15,,,,
AddVertex   ,-0.6,0.9,-16.15,,,,
AddVertex   ,-0.6,0.9,-15.25,,,,
AddVertex   ,-0.6,0,-15.25,,,,
AddFace,0,3,2,1,,,
GenerateNormals,,,,,,,
,,,,,,,
LoadTexture,sharin.bmp,,,,,,
SetTextureCoordinates,0,0,1,,,,
SetTextureCoordinates,1,0,0,,,,
SetTextureCoordinates,2,1,0,,,,
SetTextureCoordinates,3,1,1,,,,
SetDecalTransparentColor,0,0,0,,,,
,,,,,,,
,,,,,,,
CreateMeshBuilder,,;//左台車,,,,,
AddVertex   ,0.95,0.05,-18.57,,,,
AddVertex   ,0.95,1.05,-18.57,,,,
AddVertex   ,0.95,1.05,-14.93,,,,
AddVertex   ,0.95,0.05,-14.93,,,,
AddFace,0,1,2,3,,,
GenerateNormals,,,,,,,
,,,,,,,
LoadTexture,daisha1.bmp,,,,,,
SetTextureCoordinates,0,0,1,,,,
SetTextureCoordinates,1,0,0,,,,
SetTextureCoordinates,2,1,0,,,,
SetTextureCoordinates,3,1,1,,,,
SetDecalTransparentColor,0,0,0,,,,
,,,,,,,
,,,,,,,
CreateMeshBuilder,,;//左台車,,,,,
AddVertex   ,0.8,0.05,-18.57,,,,
AddVertex   ,0.8,1.05,-18.57,,,,
AddVertex   ,0.8,1.05,-14.93,,,,
AddVertex   ,0.8,0.05,-14.93,,,,
AddFace2,0,1,2,3,,,
SetColor,30,30,30,,,,
GenerateNormals,,,,,,,
,,,,,,,
LoadTexture,daisha1.bmp,,,,,,
SetTextureCoordinates,0,0,1,,,,
SetTextureCoordinates,1,0,0,,,,
SetTextureCoordinates,2,1,0,,,,
SetTextureCoordinates,3,1,1,,,,
SetDecalTransparentColor,0,0,0,,,,
,,,,,,,
,,,,,,,
CreateMeshBuilder,,;//左台車,,,,,
AddVertex   ,1.1,0.35,-17.15,,,,
AddVertex   ,1.1,1,-17.15,,,,
AddVertex   ,1.1,1,-16.15,,,,
AddVertex   ,1.1,0.35,-16.15,,,,
AddFace,0,1,2,3,,,
GenerateNormals,,,,,,,
,,,,,,,
LoadTexture,daisha2.bmp,,,,,,
SetTextureCoordinates,0,0,1,,,,
SetTextureCoordinates,1,0,0,,,,
SetTextureCoordinates,2,1,0,,,,
SetTextureCoordinates,3,1,1,,,,
SetDecalTransparentColor,0,0,0,,,,
,,,,,,,
,,,,,,,
CreateMeshBuilder,,;//左台車,,,,,
AddVertex   ,1,0.35,-17.15,,,,
AddVertex   ,1,1,-17.15,,,,
AddVertex   ,1,1,-16.15,,,,
AddVertex   ,1,0.35,-16.15,,,,
AddFace2,0,1,2,3,,,
SetColor,170,170,170,,,,
GenerateNormals,,,,,,,
,,,,,,,
LoadTexture,daisha2.bmp,,,,,,
SetTextureCoordinates,0,0,1,,,,
SetTextureCoordinates,1,0,0,,,,
SetTextureCoordinates,2,1,0,,,,
SetTextureCoordinates,3,1,1,,,,
SetDecalTransparentColor,0,0,0,,,,
,,,,,,,
,,,,,,,
CreateMeshBuilder,,;//右台車,,,,,
AddVertex   ,-0.95,0.05,-18.57,,,,
AddVertex   ,-0.95,1.05,-18.57,,,,
AddVertex   ,-0.95,1.05,-14.93,,,,
AddVertex   ,-0.95,0.05,-14.93,,,,
AddFace,0,3,2,1,,,
GenerateNormals,,,,,,,
,,,,,,,
LoadTexture,daisha1.bmp,,,,,,
SetTextureCoordinates,0,0,1,,,,
SetTextureCoordinates,1,0,0,,,,
SetTextureCoordinates,2,1,0,,,,
SetTextureCoordinates,3,1,1,,,,
SetDecalTransparentColor,0,0,0,,,,
,,,,,,,
,,,,,,,
CreateMeshBuilder,,;//右台車,,,,,
AddVertex   ,-0.8,0.05,-18.57,,,,
AddVertex   ,-0.8,1.05,-18.57,,,,
AddVertex   ,-0.8,1.05,-14.93,,,,
AddVertex   ,-0.8,0.05,-14.93,,,,
AddFace2,0,1,2,3,,,
SetColor,30,30,30,,,,
GenerateNormals,,,,,,,
,,,,,,,
LoadTexture,daisha1.bmp,,,,,,
SetTextureCoordinates,0,0,1,,,,
SetTextureCoordinates,1,0,0,,,,
SetTextureCoordinates,2,1,0,,,,
SetTextureCoordinates,3,1,1,,,,
SetDecalTransparentColor,0,0,0,,,,
,,,,,,,
,,,,,,,
CreateMeshBuilder,,;//右台車,,,,,
AddVertex   ,-1.1,0.35,-17.15,,,,
AddVertex   ,-1.1,1,-17.15,,,,
AddVertex   ,-1.1,1,-16.15,,,,
AddVertex   ,-1.1,0.35,-16.15,,,,
AddFace,0,3,2,1,,,
Translate,0,0,-0.1,,,,
GenerateNormals,,,,,,,
,,,,,,,
LoadTexture,daisha2.bmp,,,,,,
SetTextureCoordinates,0,1,1,,,,
SetTextureCoordinates,1,1,0,,,,
SetTextureCoordinates,2,0,0,,,,
SetTextureCoordinates,3,0,1,,,,
SetDecalTransparentColor,0,0,0,,,,
,,,,,,,
,,,,,,,
CreateMeshBuilder,,;//右台車,,,,,
AddVertex   ,-1,0.35,-17.15,,,,
AddVertex   ,-1,1,-17.15,,,,
AddVertex   ,-1,1,-16.15,,,,
AddVertex   ,-1,0.35,-16.15,,,,
AddFace2,0,1,2,3,,,
Translate,0,0,-0.1,,,,
SetColor,170,170,170,,,,
GenerateNormals,,,,,,,
,,,,,,,
LoadTexture,daisha2.bmp,,,,,,
SetTextureCoordinates,0,1,1,,,,
SetTextureCoordinates,1,1,0,,,,
SetTextureCoordinates,2,0,0,,,,
SetTextureCoordinates,3,0,1,,,,
SetDecalTransparentColor,0,0,0,,,,
,,,,,,,
,,,,,,,
CreateMeshBuilder,,;//台車,,,,,
Cube,0.75,0.1,0.5,,,,
SetColor,22,19,10,,,,
Translate,0,0.9,-16.75,,,,
GenerateNormals,,,,,,,
,,,,,,,
,,,,,,,
CreateMeshBuilder,,;//車軸前,,,,,
Cylinder,4,0.08,0.08,1.65,,,
SetColor,20,20,10,,,,
Rotate,0,0,1,90,,,
Translate ,0,0.45,-17.8,,,,
,,,,,,,
,,,,,,,
CreateMeshBuilder,,;//車軸後,,,,,
Cylinder,4,0.08,0.08,1.65,,,
SetColor,20,20,10,,,,
Rotate,0,0,1,90,,,
Translate ,0,0.45,-15.7,,,,
,,,,,,,
,,,,,,,
;------台車(後）------,,,,,,,
CreateMeshBuilder,,;//車輪左前,,,,,
Cylinder,16,0.48,0.45,0.07,,,
SetColor,20,20,10,,,,
Rotate,0,0,1,90,,,
Translate ,0.56,0.45,-3.8,,,,
,,,,,,,
,,,,,,,
CreateMeshBuilder,,;//車輪左前,,,,,
AddVertex   ,0.6,0,-18.25,,,,
AddVertex   ,0.6,0.9,-18.25,,,,
AddVertex   ,0.6,0.9,-17.35,,,,
AddVertex   ,0.6,0,-17.35,,,,
AddFace,0,1,2,3,,,
Translate ,0,0,14,,,,
GenerateNormals,,,,,,,
,,,,,,,
LoadTexture,sharin.bmp,,,,,,
SetTextureCoordinates,0,0,1,,,,
SetTextureCoordinates,1,0,0,,,,
SetTextureCoordinates,2,1,0,,,,
SetTextureCoordinates,3,1,1,,,,
SetDecalTransparentColor,0,0,0,,,,
,,,,,,,
,,,,,,,
CreateMeshBuilder,,;//車輪左後,,,,,
Cylinder,16,0.48,0.45,0.07,,,
SetColor,20,20,10,,,,
Rotate,0,0,1,90,,,
Translate ,0.56,0.45,-1.7,,,,
,,,,,,,
,,,,,,,
CreateMeshBuilder,,;//車輪左後,,,,,
AddVertex   ,0.6,0,-16.15,,,,
AddVertex   ,0.6,0.9,-16.15,,,,
AddVertex   ,0.6,0.9,-15.25,,,,
AddVertex   ,0.6,0,-15.25,,,,
AddFace,0,1,2,3,,,
Translate ,0,0,14,,,,
GenerateNormals,,,,,,,
,,,,,,,
LoadTexture,sharin.bmp,,,,,,
SetTextureCoordinates,0,0,1,,,,
SetTextureCoordinates,1,0,0,,,,
SetTextureCoordinates,2,1,0,,,,
SetTextureCoordinates,3,1,1,,,,
SetDecalTransparentColor,0,0,0,,,,
,,,,,,,
,,,,,,,
CreateMeshBuilder,,;//車輪右前,,,,,
Cylinder,16,0.45,0.48,0.07,,,
SetColor,20,20,10,,,,
Rotate,0,0,1,90,,,
Translate ,-0.56,0.45,-3.8,,,,
,,,,,,,
,,,,,,,
CreateMeshBuilder,,;//車輪右前,,,,,
AddVertex   ,-0.6,0,-18.25,,,,
AddVertex   ,-0.6,0.9,-18.25,,,,
AddVertex   ,-0.6,0.9,-17.35,,,,
AddVertex   ,-0.6,0,-17.35,,,,
AddFace,0,3,2,1,,,
Translate ,0,0,14,,,,
GenerateNormals,,,,,,,
,,,,,,,
LoadTexture,sharin.bmp,,,,,,
SetTextureCoordinates,0,0,1,,,,
SetTextureCoordinates,1,0,0,,,,
SetTextureCoordinates,2,1,0,,,,
SetTextureCoordinates,3,1,1,,,,
SetDecalTransparentColor,0,0,0,,,,
,,,,,,,
,,,,,,,
CreateMeshBuilder,,;//車輪右後,,,,,
Cylinder,16,0.45,0.48,0.07,,,
SetColor,20,20,10,,,,
Rotate,0,0,1,90,,,
Translate ,-0.56,0.45,-1.7,,,,
,,,,,,,
,,,,,,,
CreateMeshBuilder,,;//車輪右後,,,,,
AddVertex   ,-0.6,0,-16.15,,,,
AddVertex   ,-0.6,0.9,-16.15,,,,
AddVertex   ,-0.6,0.9,-15.25,,,,
AddVertex   ,-0.6,0,-15.25,,,,
AddFace,0,3,2,1,,,
Translate ,0,0,14,,,,
GenerateNormals,,,,,,,
,,,,,,,
LoadTexture,sharin.bmp,,,,,,
SetTextureCoordinates,0,0,1,,,,
SetTextureCoordinates,1,0,0,,,,
SetTextureCoordinates,2,1,0,,,,
SetTextureCoordinates,3,1,1,,,,
SetDecalTransparentColor,0,0,0,,,,
,,,,,,,
,,,,,,,
CreateMeshBuilder,,;//左台車,,,,,
AddVertex   ,0.95,0.05,-18.57,,,,
AddVertex   ,0.95,1.05,-18.57,,,,
AddVertex   ,0.95,1.05,-14.93,,,,
AddVertex   ,0.95,0.05,-14.93,,,,
AddFace,0,1,2,3,,,
Translate ,0,0,14,,,,
GenerateNormals,,,,,,,
,,,,,,,
LoadTexture,daisha1.bmp,,,,,,
SetTextureCoordinates,0,0,1,,,,
SetTextureCoordinates,1,0,0,,,,
SetTextureCoordinates,2,1,0,,,,
SetTextureCoordinates,3,1,1,,,,
SetDecalTransparentColor,0,0,0,,,,
,,,,,,,
,,,,,,,
CreateMeshBuilder,,;//左台車,,,,,
AddVertex   ,0.8,0.05,-18.57,,,,
AddVertex   ,0.8,1.05,-18.57,,,,
AddVertex   ,0.8,1.05,-14.93,,,,
AddVertex   ,0.8,0.05,-14.93,,,,
AddFace2,0,1,2,3,,,
SetColor,30,30,30,,,,
Translate ,0,0,14,,,,
GenerateNormals,,,,,,,
,,,,,,,
LoadTexture,daisha1.bmp,,,,,,
SetTextureCoordinates,0,0,1,,,,
SetTextureCoordinates,1,0,0,,,,
SetTextureCoordinates,2,1,0,,,,
SetTextureCoordinates,3,1,1,,,,
SetDecalTransparentColor,0,0,0,,,,
,,,,,,,
,,,,,,,
CreateMeshBuilder,,;//左台車,,,,,
AddVertex   ,1.1,0.35,-17.15,,,,
AddVertex   ,1.1,1,-17.15,,,,
AddVertex   ,1.1,1,-16.15,,,,
AddVertex   ,1.1,0.35,-16.15,,,,
AddFace,0,1,2,3,,,
Translate ,0,0,14,,,,
GenerateNormals,,,,,,,
,,,,,,,
LoadTexture,daisha2.bmp,,,,,,
SetTextureCoordinates,0,0,1,,,,
SetTextureCoordinates,1,0,0,,,,
SetTextureCoordinates,2,1,0,,,,
SetTextureCoordinates,3,1,1,,,,
SetDecalTransparentColor,0,0,0,,,,
,,,,,,,
,,,,,,,
CreateMeshBuilder,,;//左台車,,,,,
AddVertex   ,1,0.35,-17.15,,,,
AddVertex   ,1,1,-17.15,,,,
AddVertex   ,1,1,-16.15,,,,
AddVertex   ,1,0.35,-16.15,,,,
AddFace2,0,1,2,3,,,
SetColor,170,170,170,,,,
Translate ,0,0,14,,,,
GenerateNormals,,,,,,,
,,,,,,,
LoadTexture,daisha2.bmp,,,,,,
SetTextureCoordinates,0,0,1,,,,
SetTextureCoordinates,1,0,0,,,,
SetTextureCoordinates,2,1,0,,,,
SetTextureCoordinates,3,1,1,,,,
SetDecalTransparentColor,0,0,0,,,,
,,,,,,,
,,,,,,,
CreateMeshBuilder,,;//右台車,,,,,
AddVertex   ,-0.95,0.05,-18.57,,,,
AddVertex   ,-0.95,1.05,-18.57,,,,
AddVertex   ,-0.95,1.05,-14.93,,,,
AddVertex   ,-0.95,0.05,-14.93,,,,
AddFace,0,3,2,1,,,
Translate ,0,0,14,,,,
GenerateNormals,,,,,,,
,,,,,,,
LoadTexture,daisha1.bmp,,,,,,
SetTextureCoordinates,0,0,1,,,,
SetTextureCoordinates,1,0,0,,,,
SetTextureCoordinates,2,1,0,,,,
SetTextureCoordinates,3,1,1,,,,
SetDecalTransparentColor,0,0,0,,,,
,,,,,,,
,,,,,,,
CreateMeshBuilder,,;//右台車,,,,,
AddVertex   ,-0.8,0.05,-18.57,,,,
AddVertex   ,-0.8,1.05,-18.57,,,,
AddVertex   ,-0.8,1.05,-14.93,,,,
AddVertex   ,-0.8,0.05,-14.93,,,,
AddFace2,0,1,2,3,,,
SetColor,30,30,30,,,,
Translate ,0,0,14,,,,
GenerateNormals,,,,,,,
,,,,,,,
LoadTexture,daisha1.bmp,,,,,,
SetTextureCoordinates,0,0,1,,,,
SetTextureCoordinates,1,0,0,,,,
SetTextureCoordinates,2,1,0,,,,
SetTextureCoordinates,3,1,1,,,,
SetDecalTransparentColor,0,0,0,,,,
,,,,,,,
,,,,,,,
CreateMeshBuilder,,;//右台車,,,,,
AddVertex   ,-1.1,0.35,-17.15,,,,
AddVertex   ,-1.1,1,-17.15,,,,
AddVertex   ,-1.1,1,-16.15,,,,
AddVertex   ,-1.1,0.35,-16.15,,,,
AddFace,0,3,2,1,,,
Translate ,0,0,13.9,,,,
GenerateNormals,,,,,,,
,,,,,,,
LoadTexture,daisha2.bmp,,,,,,
SetTextureCoordinates,0,1,1,,,,
SetTextureCoordinates,1,1,0,,,,
SetTextureCoordinates,2,0,0,,,,
SetTextureCoordinates,3,0,1,,,,
SetDecalTransparentColor,0,0,0,,,,
,,,,,,,
,,,,,,,
CreateMeshBuilder,,;//右台車,,,,,
AddVertex   ,-1,0.35,-17.15,,,,
AddVertex   ,-1,1,-17.15,,,,
AddVertex   ,-1,1,-16.15,,,,
AddVertex   ,-1,0.35,-16.15,,,,
AddFace2,0,1,2,3,,,
SetColor,170,170,170,,,,
Translate ,0,0,13.9,,,,
GenerateNormals,,,,,,,
,,,,,,,
LoadTexture,daisha2.bmp,,,,,,
SetTextureCoordinates,0,1,1,,,,
SetTextureCoordinates,1,1,0,,,,
SetTextureCoordinates,2,0,0,,,,
SetTextureCoordinates,3,0,1,,,,
SetDecalTransparentColor,0,0,0,,,,
,,,,,,,
,,,,,,,
CreateMeshBuilder,,;//台車,,,,,
Cube,0.75,0.1,0.5,,,,
SetColor,22,19,10,,,,
Translate,0,0.9,-2.75,,,,
GenerateNormals,,,,,,,
,,,,,,,
,,,,,,,
CreateMeshBuilder,,;//車軸前,,,,,
Cylinder,4,0.08,0.08,1.65,,,
SetColor,20,20,10,,,,
Rotate,0,0,1,90,,,
Translate ,0,0.45,-3.8,,,,
,,,,,,,
,,,,,,,
CreateMeshBuilder,,;//車軸後,,,,,
Cylinder,4,0.08,0.08,1.65,,,
SetColor,20,20,10,,,,
Rotate,0,0,1,90,,,
Translate ,0,0.45,-1.7,,,,
,,,,,,,
,,,,,,,
;------床下機器------,,,,,,,
CreateMeshBuilder,,;//左側ステップ,,,,,
AddVertex     ,1.32,0.49,-18.81,,,,
AddVertex     ,1.32,1,-18.81,,,,
AddVertex     ,1.32,1,-18.55,,,,
AddVertex     ,1.32,0.49,-18.55,,,,
AddFace2,0,1,2,3,,,
GenerateNormals,,,,,,,
,,,,,,,
LoadTexture,step.bmp,,,,,,
SetTextureCoordinates,0,1,1,,,,
SetTextureCoordinates,1,1,0,,,,
SetTextureCoordinates,2,0,0,,,,
SetTextureCoordinates,3,0,1,,,,
SetDecalTransparentColor,0,0,0,,,,
,,,,,,,
,,,,,,,
CreateMeshBuilder,,;//左側ステップ,,,,,
AddVertex     ,1.32,0.49,-18.81,,,,
AddVertex     ,1.32,1,-18.81,,,,
AddVertex     ,1.32,1,-18.55,,,,
AddVertex     ,1.32,0.49,-18.55,,,,
AddFace2,0,1,2,3,,,
Translate,0,0,1.18,,,,
GenerateNormals,,,,,,,
,,,,,,,
LoadTexture,step.bmp,,,,,,
SetTextureCoordinates,0,1,1,,,,
SetTextureCoordinates,1,1,0,,,,
SetTextureCoordinates,2,0,0,,,,
SetTextureCoordinates,3,0,1,,,,
SetDecalTransparentColor,0,0,0,,,,
,,,,,,,
,,,,,,,
CreateMeshBuilder,,;//左側ステップ,,,,,
AddVertex     ,1.32,0.49,-18.81,,,,
AddVertex     ,1.32,1,-18.81,,,,
AddVertex     ,1.32,1,-18.55,,,,
AddVertex     ,1.32,0.49,-18.55,,,,
AddFace2,0,1,2,3,,,
Translate,0,0,16.63,,,,
GenerateNormals,,,,,,,
,,,,,,,
LoadTexture,step.bmp,,,,,,
SetTextureCoordinates,0,1,1,,,,
SetTextureCoordinates,1,1,0,,,,
SetTextureCoordinates,2,0,0,,,,
SetTextureCoordinates,3,0,1,,,,
SetDecalTransparentColor,0,0,0,,,,
,,,,,,,
,,,,,,,
CreateMeshBuilder,,;//右側ステップ,,,,,
AddVertex     ,-1.32,0.49,-18.81,,,,
AddVertex     ,-1.32,1,-18.81,,,,
AddVertex     ,-1.32,1,-18.55,,,,
AddVertex     ,-1.32,0.49,-18.55,,,,
AddFace2,0,1,2,3,,,
GenerateNormals,,,,,,,
,,,,,,,
LoadTexture,step.bmp,,,,,,
SetTextureCoordinates,0,1,1,,,,
SetTextureCoordinates,1,1,0,,,,
SetTextureCoordinates,2,0,0,,,,
SetTextureCoordinates,3,0,1,,,,
SetDecalTransparentColor,0,0,0,,,,
,,,,,,,
,,,,,,,
CreateMeshBuilder,,;//右側ステップ,,,,,
AddVertex     ,-1.32,0.49,-18.81,,,,
AddVertex     ,-1.32,1,-18.81,,,,
AddVertex     ,-1.32,1,-18.55,,,,
AddVertex     ,-1.32,0.49,-18.55,,,,
AddFace2,0,1,2,3,,,
Translate,0,0,1.18,,,,
GenerateNormals,,,,,,,
,,,,,,,
LoadTexture,step.bmp,,,,,,
SetTextureCoordinates,0,1,1,,,,
SetTextureCoordinates,1,1,0,,,,
SetTextureCoordinates,2,0,0,,,,
SetTextureCoordinates,3,0,1,,,,
SetDecalTransparentColor,0,0,0,,,,
,,,,,,,
,,,,,,,
CreateMeshBuilder,,;//右側ステップ,,,,,
AddVertex     ,-1.32,0.49,-18.81,,,,
AddVertex     ,-1.32,1,-18.81,,,,
AddVertex     ,-1.32,1,-18.55,,,,
AddVertex     ,-1.32,0.49,-18.55,,,,
AddFace2,0,1,2,3,,,
Translate,0,0,16.63,,,,
GenerateNormals,,,,,,,
,,,,,,,
LoadTexture,step.bmp,,,,,,
SetTextureCoordinates,0,1,1,,,,
SetTextureCoordinates,1,1,0,,,,
SetTextureCoordinates,2,0,0,,,,
SetTextureCoordinates,3,0,1,,,,
SetDecalTransparentColor,0,0,0,,,,
,,,,,,,
,,,,,,,
CreateMeshBuilder,,;//床下機器,,,,,
Cube,0.75,0.15,0.6,,,,
SetColor,22,19,10,,,,
Translate,0,0.85,-0.6,,,,
GenerateNormals,,,,,,,
,,,,,,,
,,,,,,,
CreateMeshBuilder,,;//床下機器,,,,,
Cube,1.1,0.15,0.5,,,,
SetColor,22,19,10,,,,
Translate,0,0.85,-18.9,,,,
GenerateNormals,,,,,,,
,,,,,,,
,,,,,,,
CreateMeshBuilder,,;//床下機器,,,,,
AddVertex     ,1.1,0.25,-14.55,,,,
AddVertex     ,1.1,1,-14.55,,,,
AddVertex     ,1.1,1,-4.6,,,,
AddVertex     ,1.1,0.25,-4.6,,,,
AddVertex     ,-1.1,0.25,-14.55,,,,
AddVertex     ,-1.1,1,-14.55,,,,
AddVertex     ,-1.1,1,-4.6,,,,
AddVertex     ,-1.1,0.25,-4.6,,,,
AddFace,0,1,2,3,,,
AddFace,4,7,6,5,,,
GenerateNormals,,,,,,,
,,,,,,,
LoadTexture,Tc-under.bmp,,,,,,
SetTextureCoordinates,0,0,0.99,,,,
SetTextureCoordinates,1,0,0.005,,,,
SetTextureCoordinates,2,1,0.005,,,,
SetTextureCoordinates,3,1,0.99,,,,
SetTextureCoordinates,4,0,0.99,,,,
SetTextureCoordinates,5,0,0.005,,,,
SetTextureCoordinates,6,1,0.005,,,,
SetTextureCoordinates,7,1,0.99,,,,
,,,,,,,
,,,,,,,
CreateMeshBuilder,,;//床下機器,,,,,
AddVertex     ,-1.1,0.25,-14.55,,,,
AddVertex     ,-1.1,1,-14.55,,,,
AddVertex     ,1.1,1,-14.55,,,,
AddVertex     ,1.1,0.25,-14.55,,,,
AddVertex     ,-1.1,0.25,-4.6,,,,
AddVertex     ,-1.1,1,-4.6,,,,
AddVertex     ,1.1,1,-4.6,,,,
AddVertex     ,1.1,0.25,-4.6,,,,
AddFace,0,1,2,3,,,
AddFace,4,7,6,5,,,
SetColor,25,20,20,,,,
GenerateNormals,,,,,,,
,,,,,,,
,,,,,,,
;------影------,,,,,,,
CreateMeshBuilder,,;//影,,,,,
AddVertex   ,-1.4,-0.1,-19.75,,,,
AddVertex   ,-1.4,-0.1,0.25,,,,
AddVertex   ,1.4,-0.1,0.25,,,,
AddVertex   ,1.4,-0.1,-19.75,,,,
AddFace,0,1,2,3,,,
SetColor,0,0,0,150,,,
GenerateNormals,,,,,,,
,,,,,,,
CreateMeshBuilder,,;//連結幌,,,,,
AddVertex     ,-0.38,3.2,0.5,,,,
AddVertex     ,-0.38,3.2,0,,,,
AddVertex     ,0.38,3.2,0,,,,
AddVertex     ,0.38,3.2,0.5,,,,
AddVertex     ,0.45,3.13,0,,,,
AddVertex     ,0.45,3.13,0.5,,,,
AddVertex     ,0.45,1.19,0,,,,
AddVertex     ,0.45,1.19,0.5,,,,
AddVertex     ,0.38,1.12,0,,,,
AddVertex     ,0.38,1.12,0.5,,,,
AddVertex     ,-0.45,3.13,0.5,,,,
AddVertex     ,-0.45,3.13,0,,,,
AddVertex     ,-0.45,1.19,0,,,,
AddVertex     ,-0.45,1.19,0.5,,,,
AddVertex     ,-0.38,1.12,0,,,,
AddVertex     ,-0.38,1.12,0.5,,,,
AddFace2,0,1,2,3,,,
AddFace2,4,2,3,5,,,
AddFace2,6,4,5,7,,,
AddFace2,8,6,7,9,,,
AddFace2,1,11,10,0,,,
AddFace2,11,12,13,10,,,
AddFace2,12,14,15,13,,,
AddFace2,8,14,15,9,,,
GenerateNormals,,,,,,,
,,,,,,,
LoadTexture,horo.bmp,,,,,,
SetTextureCoordinates,0,1,0,,,,
SetTextureCoordinates,1,0,1,,,,
SetTextureCoordinates,2,0,1,,,,
SetTextureCoordinates,3,1,0,,,,
SetTextureCoordinates,4,0,1,,,,
SetTextureCoordinates,5,1,0,,,,
SetTextureCoordinates,6,0,5,,,,
SetTextureCoordinates,7,1,0,,,,
SetTextureCoordinates,8,0,1,,,,
SetTextureCoordinates,9,1,0,,,,
SetTextureCoordinates,10,1,0,,,,
SetTextureCoordinates,11,0,1,,,,
SetTextureCoordinates,12,0,5,,,,
SetTextureCoordinates,13,1,0,,,,
SetTextureCoordinates,14,0,1,,,,
SetTextureCoordinates,15,1,0,,,,
,,,,,,,
;（Ｃ）２００７ ＲＯＮ,,,,,,,
translateall,0,0,10,,,,
rotateall,0,1,0,180,,,
